id,firstname,lastName,mobileNumber,mail,password,entrepriseId,departement,satisfaction,useapplication,sex
0,Ines,Boujenah,vide,vide,vide,123b,Marketing,vide,0,Femme
1,nawrass,Azzabi,95977397,JBSCOJC@gmail.com,onafluet,123c,Sponsoring,decu,1,Femme
2,sinda,Boujenah,98578310,CRTsUUG@gmail.com,hyvbtgea,123b,Sponsoring,neutre,1,Femme
3,zahra,Djellouli,vide,vide,vide,123f,Grh,vide,0,Femme
4,maamoun,Djaït,90627594,HUhNRzu@gmail.com,ylaxvtvp,123f,Finance,decu,1,Homme
5,souad,Caïd Essebsi,96706502,OkAHQZe@gmail.com,msnkqczf,123b,Informatique,Tres satisfait,1,Femme
6,yasmine,Trabelsi,vide,vide,vide,123d,Grh,vide,0,Femme
7,yasmine,Djaït,94247609,VROKshz@gmail.com,aigmuitl,123a,Finance,neutre,1,Femme
8,amal,Ben M’Barek,90191772,Uoxxcyd@gmail.com,egdjtuhn,123e,Informatique,tres decu,1,Femme
9,slim,Bessis,99736524,sZRRfcN@gmail.com,eibvgify,123a,Informatique,Satisfait,1,Homme
10,alia,Azzabi,vide,vide,vide,123b,Grh,vide,0,Femme
11,sabeur,Djaït,vide,vide,vide,123e,Grh,vide,0,Homme
12,Miniar,Ben Ayed,vide,vide,vide,123a,Marketing,vide,0,Femme
13,alia,Charfi,vide,vide,vide,123a,Finance,vide,0,Femme
14,Hafsi,Bouazizi,99752089,FwXgBAg@gmail.com,hjsqywcq,123d,Informatique,Tres satisfait,1,Homme
15,ryma,Bouhageb,93167795,SEGEqmg@gmail.com,sievucpq,123c,Finance,neutre,1,Femme
16,Donia,Ben Slama,vide,vide,vide,123d,Grh,vide,0,Femme
17,Bea,Bouazizi,97881205,dlbxQEu@gmail.com,ivltbntd,123b,Sponsoring,neutre,1,Femme
18,Fatma,Bouazizi,98887952,TvLVPuE@gmail.com,zhkgebdo,123d,Sponsoring,neutre,1,Femme
19,haythem,Ennaifer,vide,vide,vide,123b,Finance,vide,0,Homme
20,oussama,Azzabi,99511741,RvqQyCX@gmail.com,cejozcro,123e,Grh,neutre,1,Homme
21,Samia,Ben Ammar,vide,vide,vide,123a,Grh,vide,0,Femme
22,Firas,Bouhageb,97700537,GxXJrsP@gmail.com,lbmlwhyr,123c,Sponsoring,decu,1,Homme
23,sameh,Charfi,vide,vide,vide,123b,Marketing,vide,0,Homme
24,ahmed,Ayed,92068822,TqcRClQ@gmail.com,bkdzwsnt,123a,Sponsoring,tres decu,1,Homme
25,selim,Caïd Essebsi,vide,vide,vide,123d,Finance,vide,0,Homme
26,Dhia,Trabelsi,91105923,HgGpjAk@gmail.com,wjfmbeon,123d,Marketing,Satisfait,1,Homme
27,Mehdi,Djaït,91484520,UfOhdZr@gmail.com,dkthoxek,123f,Sponsoring,Satisfait,1,Homme
28,Malek,Ennaifer,vide,vide,vide,123c,Grh,vide,0,Femme
29,feryel,Bensoussan,vide,vide,vide,123f,Grh,vide,0,Femme
30,atef,Benhenia,99291587,oILMnza@gmail.com,ljrkeyag,123e,Sponsoring,Tres satisfait,1,Homme
31,eya,Cheikhrouhou,vide,vide,vide,123d,Finance,vide,0,Femme
32,Anissa,Bensoussan,93884921,GdacVQx@gmail.com,fshwsftx,123d,Grh,Satisfait,1,Femme
33,Raya,Ennaifer,95381214,DHMcDar@gmail.com,sovszgie,123a,Grh,Satisfait,1,Femme
34,ryma,Djaoui,vide,vide,vide,123f,Grh,vide,0,Femme
35,sinda,Ben Achour,vide,vide,vide,123d,Grh,vide,0,Femme
36,anas,Benhenia,vide,vide,vide,123e,Finance,vide,0,Homme
37,zahra,Cheikhrouhou,vide,vide,vide,123a,Grh,vide,0,Femme
38,Oumayma,Cacoub,vide,vide,vide,123e,Sponsoring,vide,0,Femme
39,soufiane,Benhenia,vide,vide,vide,123a,Finance,vide,0,Homme
40,Habib,Ben Ammar,vide,vide,vide,123c,Finance,vide,0,Homme
41,amal,Bouazizi,92095757,YgpCbUP@gmail.com,qswifkxv,123a,Sponsoring,Satisfait,1,Femme
42,atef,Bouhageb,vide,vide,vide,123d,Informatique,vide,0,Homme
43,Ismail,Djaït,vide,vide,vide,123a,Sponsoring,vide,0,Homme
44,mongi,Ayed,vide,vide,vide,123a,Sponsoring,vide,0,Homme
45,Miniar,Cacoub,95272382,UmfSOXl@gmail.com,erbvhryu,123e,Informatique,neutre,1,Femme
46,Firas,Caïd Essebsi,vide,vide,vide,123a,Informatique,vide,0,Homme
47,ebtissem,Ben Ammar,98004249,mbsqnHH@gmail.com,jqvjelki,123f,Marketing,Satisfait,1,Femme
48,sabrine,Ayed,vide,vide,vide,123b,Sponsoring,vide,0,Femme
49,feryel,Bouazizi,97967209,KmESxUC@gmail.com,lyuursjl,123f,Sponsoring,decu,1,Femme
50,sami,Caïd Essebsi,vide,vide,vide,123b,Sponsoring,vide,0,Homme
51,ryma,Ayed,92008743,ajVToLg@gmail.com,tlumfowv,123d,Grh,tres decu,1,Femme
52,Malek,Ben Ayed,92742326,AsSmmnf@gmail.com,uweozslk,123d,Sponsoring,decu,1,Femme
53,Anissa,Trabelsi,vide,vide,vide,123b,Informatique,vide,0,Femme
54,aziz,Brahim,93124038,EgQUAvu@gmail.com,kxjpufuc,123d,Informatique,tres decu,1,Homme
55,Habib,Benhenia,96018328,fkJiTKV@gmail.com,heacukya,123f,Informatique,Satisfait,1,Homme
56,maha,Trabelsi,93267444,egDqkWO@gmail.com,qlvmpxpq,123d,Sponsoring,Tres satisfait,1,Femme
57,Fatma,Ben Slama,vide,vide,vide,123b,Sponsoring,vide,0,Femme
58,nadia,Ben M’Barek,vide,vide,vide,123b,Sponsoring,vide,0,Femme
59,aziz,Djaït,99597554,IPZziWi@gmail.com,lcqiljse,123f,Grh,Tres satisfait,1,Homme
60,Ghada,Ennaifer,93122375,EwjKWJD@gmail.com,bknvckne,123f,Informatique,Satisfait,1,Femme
61,Yosr,Benhenia,vide,vide,vide,123a,Marketing,vide,0,Femme
62,Fares,Brahim,97143843,tExtnCR@gmail.com,ahgbusnl,123e,Informatique,decu,1,Homme
63,kmar,Djaït,90011538,xoQayyF@gmail.com,scefnzps,123c,Finance,decu,1,Femme
64,eya,Ben Ayed,vide,vide,vide,123f,Grh,vide,0,Femme
65,claudio,Benhenia,vide,vide,vide,123a,Marketing,vide,0,Homme
66,anas,Abbassi,vide,vide,vide,123d,Marketing,vide,0,Homme
67,slim,Brahim,vide,vide,vide,123a,Sponsoring,vide,0,Homme
68,Samia,Benhenia,94828890,YJBZOSI@gmail.com,zvminzkg,123f,Informatique,decu,1,Femme
69,zahra,Cacoub,94418917,GVRtPZO@gmail.com,bxvwztdt,123d,Marketing,decu,1,Femme
70,maamoun,Caïd Essebsi,vide,vide,vide,123d,Marketing,vide,0,Homme
71,sami,Bouazizi,vide,vide,vide,123b,Finance,vide,0,Homme
72,anas,Charfi,vide,vide,vide,123a,Grh,vide,0,Homme
73,selim,Ayed,91579527,pRbzxVz@gmail.com,xgcsaojx,123e,Finance,decu,1,Homme
74,ilyes,Trabelsi,99119867,pZYFLlZ@gmail.com,osnyziin,123a,Finance,neutre,1,Homme
75,Ghada,Djaoui,98045775,pEJONMu@gmail.com,xjklxjdf,123c,Sponsoring,neutre,1,Femme
76,Ines,Ben Slama,98105297,fThsCiO@gmail.com,mvvkqmrm,123f,Informatique,decu,1,Femme
77,anas,Ben Ammar,95201728,rjuIoEB@gmail.com,orsctgwr,123f,Marketing,tres decu,1,Homme
78,Ismail,Djellouli,92530106,ukfgXsO@gmail.com,fczkdaps,123e,Informatique,Satisfait,1,Homme
79,Firas,Abbassi,vide,vide,vide,123c,Finance,vide,0,Homme
80,yasmine,Ben Ammar,98875950,qALMuSt@gmail.com,iyxgicmt,123b,Marketing,Tres satisfait,1,Femme
81,amal,Trabelsi,vide,vide,vide,123a,Grh,vide,0,Femme
82,selim,Bessis,vide,vide,vide,123b,Sponsoring,vide,0,Homme
83,wejden,Charfi,vide,vide,vide,123e,Marketing,vide,0,Femme
84,sameh,Cacoub,98617748,HuWdZFm@gmail.com,lqrrwkpu,123c,Marketing,neutre,1,Homme
85,Malek,Ben Slama,vide,vide,vide,123a,Informatique,vide,0,Femme
86,Anissa,Cheikhrouhou,92669134,ZnHJGTK@gmail.com,ciguvmqn,123c,Finance,Tres satisfait,1,Femme
87,Montassar,Cheikhrouhou,95993377,NxRFePV@gmail.com,wxootwsd,123a,Finance,decu,1,Homme
88,Samia,Trabelsi,vide,vide,vide,123c,Grh,vide,0,Femme
89,wahid,Ben Slama,96231935,mcOuiqh@gmail.com,lrhjawua,123e,Sponsoring,Tres satisfait,1,Homme
90,aymen,Cheikhrouhou,vide,vide,vide,123f,Marketing,vide,0,Homme
91,Firas,Bessis,vide,vide,vide,123c,Sponsoring,vide,0,Homme
92,hakim,Bouhageb,90796704,nkddcYT@gmail.com,fizvglkk,123d,Informatique,Tres satisfait,1,Homme
93,sabrine,Ayed,vide,vide,vide,123b,Sponsoring,vide,0,Femme
94,anas,Cheikhrouhou,vide,vide,vide,123d,Informatique,vide,0,Homme
95,Karim,Caïd Essebsi,90451747,MVOxOGn@gmail.com,itmoilpv,123e,Finance,tres decu,1,Homme
96,ryma,Abbassi,95458043,iOcYWBL@gmail.com,cutabxvi,123a,Grh,neutre,1,Femme
97,ebtissem,Ben Ammar,vide,vide,vide,123c,Grh,vide,0,Femme
98,Dhia,Bouhageb,98006976,TQTnCWI@gmail.com,smunmhwo,123c,Finance,Tres satisfait,1,Homme
99,khaled,Charfi,vide,vide,vide,123c,Finance,vide,0,Homme
100,eya,Djellouli,93148893,JSrOnTr@gmail.com,zcdtuykd,123e,Sponsoring,Satisfait,1,Femme
101,sabeur,Bensoussan,98229340,oLBuKap@gmail.com,mhcdpvap,123c,Grh,neutre,1,Homme
102,aziz,Djaoui,96478914,WcSMaEP@gmail.com,lkwrkpdm,123f,Finance,tres decu,1,Homme
103,ebtissem,Bouhageb,vide,vide,vide,123f,Informatique,vide,0,Femme
104,Fares,Bensoussan,vide,vide,vide,123b,Finance,vide,0,Homme
105,hazem,Djaoui,94220214,TtvsqPS@gmail.com,qubleprr,123d,Informatique,decu,1,Homme
106,yasin,Abbassi,98155918,BZrzuZy@gmail.com,lhczqvhn,123a,Sponsoring,Satisfait,1,Homme
107,Habib,Ayed,98428770,VnCyhDB@gmail.com,dfmegydz,123f,Grh,decu,1,Homme
108,ebtissem,Ben Ayed,vide,vide,vide,123f,Informatique,vide,0,Femme
109,ryma,Caïd Essebsi,93911614,ejWQOxp@gmail.com,yirpxadc,123b,Marketing,decu,1,Femme
110,Sondes,Ben Achour,95161147,UqoJPHR@gmail.com,soymzwms,123f,Informatique,Satisfait,1,Femme
111,feryel,Ben Achour,92734015,XsQNCEM@gmail.com,lmhkozbl,123c,Informatique,Satisfait,1,Femme
112,adem,Bensoussan,93299688,uDWSbuU@gmail.com,aarytppl,123a,Informatique,Satisfait,1,Homme
113,Saleh,Cheikhrouhou,vide,vide,vide,123b,Marketing,vide,0,Homme
114,omar,Djaït,vide,vide,vide,123e,Sponsoring,vide,0,Homme
115,Kaouther,Boujenah,95720366,eJUwshg@gmail.com,afaatbot,123b,Grh,tres decu,1,Femme
116,Ines,Abbassi,vide,vide,vide,123e,Finance,vide,0,Femme
117,Fatma,Ben Ayed,95561688,vhHSsbB@gmail.com,lyldwdfw,123f,Grh,tres decu,1,Femme
118,yasmine,Bensoussan,vide,vide,vide,123e,Finance,vide,0,Femme
119,nadia,Djaoui,94314873,hRZjLqV@gmail.com,lcbsmfhl,123d,Finance,decu,1,Femme
120,Dhia,Ben Ammar,97366413,UQfEMSR@gmail.com,virxfkrx,123a,Sponsoring,neutre,1,Homme
121,maamoun,Bensoussan,vide,vide,vide,123b,Marketing,vide,0,Homme
122,Raya,Ben Ammar,vide,vide,vide,123f,Marketing,vide,0,Femme
123,KARIMA,Benhenia,vide,vide,vide,123c,Finance,vide,0,Femme
124,oussama,Djaït,90178730,oWbHciF@gmail.com,mcknvhab,123b,Finance,decu,1,Homme
125,mohamed,Benhenia,90155302,MkjFVPb@gmail.com,fexknlze,123d,Finance,Satisfait,1,Homme
126,sameh,Boujenah,vide,vide,vide,123f,Sponsoring,vide,0,Homme
127,fourat,Boujenah,vide,vide,vide,123f,Grh,vide,0,Homme
128,feryel,Djaoui,vide,vide,vide,123d,Sponsoring,vide,0,Femme
129,anas,Ben Slama,vide,vide,vide,123b,Grh,vide,0,Homme
130,haythem,Djaoui,98827071,tNvZfZd@gmail.com,lonvqcmp,123f,Grh,tres decu,1,Homme
131,selim,Ennaifer,vide,vide,vide,123b,Informatique,vide,0,Homme
132,alia,Charfi,99797513,mimVxvm@gmail.com,zzdkfyjw,123e,Sponsoring,Tres satisfait,1,Femme
133,Sondes,Ayed,94351381,mTgesiM@gmail.com,cwgvwvij,123a,Grh,Satisfait,1,Femme
134,Oumayma,Benhenia,vide,vide,vide,123c,Marketing,vide,0,Femme
135,ahmed,Ben M’Barek,91885100,qSuyfWb@gmail.com,omtfegym,123e,Finance,tres decu,1,Homme
136,Dhia,Cacoub,vide,vide,vide,123d,Sponsoring,vide,0,Homme
137,Radhouen,Bouazizi,vide,vide,vide,123f,Grh,vide,0,Homme
138,Fares,Ayed,92762422,SxJEhOT@gmail.com,fpdampmn,123d,Finance,decu,1,Homme
139,SAMIRA,Djaït,vide,vide,vide,123b,Finance,vide,0,Femme
140,ebtissem,Trabelsi,97336324,RyOOkOk@gmail.com,qlvtdypv,123f,Marketing,tres decu,1,Femme
141,amir,Cacoub,99199485,ZVyvOPg@gmail.com,jhqnoaif,123a,Informatique,neutre,1,Homme
142,atef,Azzabi,93698107,bapAolk@gmail.com,uziulzev,123d,Finance,Tres satisfait,1,Homme
143,anas,Caïd Essebsi,vide,vide,vide,123a,Finance,vide,0,Homme
144,Ismail,Benhenia,vide,vide,vide,123f,Marketing,vide,0,Homme
145,wahid,Ben Ayed,vide,vide,vide,123d,Informatique,vide,0,Homme
146,eya,Djaoui,95031340,skvxwWT@gmail.com,mtehcurf,123d,Marketing,Satisfait,1,Femme
147,Walid,Cheikhrouhou,vide,vide,vide,123f,Grh,vide,0,Homme
148,fabrice,Ben M’Barek,90910566,fPGablE@gmail.com,zmeeragt,123d,Marketing,Satisfait,1,Homme
149,SAMIRA,Bouazizi,95618291,PYiJUeS@gmail.com,lfykmzny,123f,Grh,tres decu,1,Femme
150,Saleh,Ben M’Barek,99085396,SehMdSD@gmail.com,qhzgfxcc,123b,Finance,Tres satisfait,1,Homme
151,SAMIRA,Caïd Essebsi,92345522,IhLqMYM@gmail.com,hcfnlphi,123e,Grh,tres decu,1,Femme
152,sara,Bouhageb,91810174,LPsLfSf@gmail.com,flgbsywd,123f,Finance,neutre,1,Femme
153,Hiba,Ben Ayed,vide,vide,vide,123c,Finance,vide,0,Femme
154,Miniar,Ben Achour,vide,vide,vide,123a,Informatique,vide,0,Femme
155,nadia,Trabelsi,96371643,PjtHjXg@gmail.com,kghvwetb,123d,Informatique,Satisfait,1,Femme
156,mongi,Djaoui,98622304,XeZavPb@gmail.com,ugyzqrmd,123a,Grh,tres decu,1,Homme
157,slim,Ben Ammar,99837149,CBAjcGu@gmail.com,ofqarqhc,123d,Grh,neutre,1,Homme
158,Amine,Abbassi,vide,vide,vide,123e,Informatique,vide,0,Homme
159,Hafsi,Ennaifer,93455775,kdChABV@gmail.com,ttlzilxj,123a,Informatique,Tres satisfait,1,Homme
160,Amine,Bouhageb,vide,vide,vide,123b,Sponsoring,vide,0,Homme
161,omar,Ayed,95359996,jIRESrM@gmail.com,yiahomxy,123d,Finance,neutre,1,Homme
162,sameh,Cheikhrouhou,vide,vide,vide,123d,Informatique,vide,0,Homme
163,ahmed,Ayed,vide,vide,vide,123e,Sponsoring,vide,0,Homme
164,sameh,Bouhageb,96891503,yCSXguz@gmail.com,znxfptxo,123e,Informatique,Satisfait,1,Homme
165,amal,Abbassi,vide,vide,vide,123f,Grh,vide,0,Femme
166,fourat,Bessis,vide,vide,vide,123d,Sponsoring,vide,0,Homme
167,wejden,Cacoub,97466747,sCjMeqK@gmail.com,uwxhalmg,123e,Marketing,decu,1,Femme
168,yasin,Djaoui,vide,vide,vide,123e,Finance,vide,0,Homme
169,Radhouen,Ennaifer,vide,vide,vide,123d,Informatique,vide,0,Homme
170,soufiane,Cheikhrouhou,vide,vide,vide,123c,Marketing,vide,0,Homme
171,Bea,Caïd Essebsi,90320499,EptcvyX@gmail.com,xcipaqnj,123c,Informatique,tres decu,1,Femme
172,slim,Abbassi,94869344,opoaeDc@gmail.com,nmurwvje,123a,Marketing,decu,1,Homme
173,amir,Abbassi,vide,vide,vide,123c,Sponsoring,vide,0,Homme
174,ebtissem,Ennaifer,93197997,rUwxWjK@gmail.com,nlwduzyx,123a,Marketing,decu,1,Femme
175,fabrice,Bouazizi,vide,vide,vide,123b,Marketing,vide,0,Homme
176,Habib,Ayed,vide,vide,vide,123f,Sponsoring,vide,0,Homme
177,nadia,Trabelsi,96012422,knmAste@gmail.com,cgztriey,123d,Sponsoring,Tres satisfait,1,Femme
178,Hafsi,Abbassi,vide,vide,vide,123b,Grh,vide,0,Homme
179,slim,Ben Achour,vide,vide,vide,123c,Marketing,vide,0,Homme
180,khaled,Bessis,vide,vide,vide,123c,Informatique,vide,0,Homme
181,Afef,Charfi,97928179,jvebeLm@gmail.com,qjpogejb,123e,Sponsoring,decu,1,Femme
182,slim,Djaoui,90008847,qBrPaXG@gmail.com,qfuvqeun,123a,Informatique,neutre,1,Homme
183,ahmed,Abbassi,vide,vide,vide,123a,Informatique,vide,0,Homme
184,SAMIRA,Benhenia,98483498,aTQlaWt@gmail.com,hhrlnunb,123a,Finance,Satisfait,1,Femme
185,Fatma,Cacoub,vide,vide,vide,123e,Sponsoring,vide,0,Femme
186,hazem,Benhenia,98848014,dyHebaR@gmail.com,zeomdsnj,123a,Sponsoring,tres decu,1,Homme
187,Yosr,Ben Ayed,90436090,uMsQZrz@gmail.com,hpmyirzq,123c,Sponsoring,Tres satisfait,1,Femme
188,Dhia,Cacoub,vide,vide,vide,123f,Marketing,vide,0,Homme
189,alia,Caïd Essebsi,vide,vide,vide,123e,Grh,vide,0,Femme
190,ahmed,Ben Ayed,vide,vide,vide,123a,Grh,vide,0,Homme
191,sara,Djaoui,90568684,DJtckrj@gmail.com,rstuithv,123d,Sponsoring,tres decu,1,Femme
192,Raya,Djaoui,vide,vide,vide,123f,Marketing,vide,0,Femme
193,atef,Ben Achour,vide,vide,vide,123f,Marketing,vide,0,Homme
194,Bea,Djaït,vide,vide,vide,123b,Sponsoring,vide,0,Femme
195,fabrice,Djellouli,97650516,eOuAejf@gmail.com,wsnkpgii,123b,Finance,Tres satisfait,1,Homme
196,oussama,Ennaifer,vide,vide,vide,123b,Finance,vide,0,Homme
197,feryel,Bessis,94551778,ZKgazhi@gmail.com,dxdovreu,123a,Sponsoring,neutre,1,Femme
198,Radhouen,Ben M’Barek,vide,vide,vide,123c,Informatique,vide,0,Homme
199,Tesnim,Ayed,vide,vide,vide,123b,Sponsoring,vide,0,Femme
200,farah,Azzabi,94506870,eCvwDFj@gmail.com,cxnxsocp,123e,Informatique,tres decu,1,Femme
201,amal,Bouhageb,vide,vide,vide,123a,Informatique,vide,0,Femme
202,yasmine,Brahim,vide,vide,vide,123d,Marketing,vide,0,Femme
203,haythem,Bensoussan,92654182,aCluRmH@gmail.com,bchpdxbe,123b,Finance,Satisfait,1,Homme
204,omar,Boujenah,vide,vide,vide,123e,Informatique,vide,0,Homme
205,farah,Boujenah,92515681,xWSmVFD@gmail.com,bwqhwkpd,123d,Grh,decu,1,Femme
206,yasmine,Djaït,vide,vide,vide,123d,Grh,vide,0,Femme
207,sinda,Charfi,vide,vide,vide,123f,Marketing,vide,0,Femme
208,atef,Abbassi,94937965,MJudrbk@gmail.com,nkeaivpo,123a,Grh,Tres satisfait,1,Homme
209,wejden,Benhenia,vide,vide,vide,123f,Marketing,vide,0,Femme
210,atef,Benhenia,95575016,frxIOtG@gmail.com,hluekumd,123d,Finance,decu,1,Homme
211,salma,Djellouli,93191338,BolGhKO@gmail.com,qmxwemwt,123c,Sponsoring,tres decu,1,Femme
212,Fares,Brahim,95333998,uyJVSjx@gmail.com,fcahottm,123c,Marketing,tres decu,1,Homme
213,Yosr,Abbassi,vide,vide,vide,123d,Finance,vide,0,Femme
214,sami,Bessis,97181163,kdmlKmh@gmail.com,ioqxbmqi,123f,Finance,Satisfait,1,Homme
215,Radhouen,Caïd Essebsi,97414350,CyjwEie@gmail.com,terwsffs,123f,Informatique,Satisfait,1,Homme
216,SAMIRA,Bouhageb,95687380,GRIZIwc@gmail.com,vxpcoope,123d,Informatique,Satisfait,1,Femme
217,slim,Ben Ammar,96276862,ZUXnmUx@gmail.com,oanimzue,123f,Informatique,Satisfait,1,Homme
218,ahmed,Djaït,97425777,njBWmte@gmail.com,dttnawhe,123f,Marketing,decu,1,Homme
219,slim,Trabelsi,vide,vide,vide,123c,Grh,vide,0,Homme
220,fourat,Djaït,90326933,ThxPgdN@gmail.com,yiqydboc,123b,Sponsoring,tres decu,1,Homme
221,Sirin,Djellouli,vide,vide,vide,123b,Finance,vide,0,Femme
222,salma,Cacoub,vide,vide,vide,123d,Informatique,vide,0,Femme
223,Fatma,Ennaifer,vide,vide,vide,123b,Sponsoring,vide,0,Femme
224,oussama,Djaït,vide,vide,vide,123e,Sponsoring,vide,0,Homme
225,sami,Ben Ayed,vide,vide,vide,123f,Marketing,vide,0,Homme
226,Sirin,Trabelsi,vide,vide,vide,123f,Marketing,vide,0,Femme
227,sabeur,Djaoui,vide,vide,vide,123a,Grh,vide,0,Homme
228,ryma,Ben Slama,91712609,LfxdqkO@gmail.com,dzwerqqj,123e,Grh,Satisfait,1,Femme
229,haythem,Djellouli,97788310,VFiDLNX@gmail.com,cksbhbos,123f,Marketing,Tres satisfait,1,Homme
230,Hiba,Cacoub,vide,vide,vide,123c,Grh,vide,0,Femme
231,Fares,Charfi,99858637,GeLloUN@gmail.com,gmnzggfl,123d,Grh,neutre,1,Homme
232,Montassar,Ben M’Barek,vide,vide,vide,123e,Informatique,vide,0,Homme
233,Ismail,Benhenia,99383655,YEzKcMv@gmail.com,crufdane,123b,Finance,Tres satisfait,1,Homme
234,Amine,Cacoub,94082262,wqQPKQM@gmail.com,bphmvtgm,123a,Sponsoring,decu,1,Homme
235,Sirin,Benhenia,vide,vide,vide,123d,Marketing,vide,0,Femme
236,chokri,Ben Slama,vide,vide,vide,123c,Marketing,vide,0,Homme
237,Hafsi,Djaoui,vide,vide,vide,123d,Grh,vide,0,Homme
238,mongi,Boujenah,98711125,GMrVFJm@gmail.com,cxtdiexk,123b,Grh,tres decu,1,Homme
239,kmar,Ben Ammar,vide,vide,vide,123d,Informatique,vide,0,Femme
240,anas,Bouazizi,93358151,grFMYVb@gmail.com,cuzhmdkq,123b,Informatique,Satisfait,1,Homme
241,mongi,Ayed,vide,vide,vide,123f,Sponsoring,vide,0,Homme
242,mohamed,Bouhageb,vide,vide,vide,123d,Informatique,vide,0,Homme
243,salma,Azzabi,vide,vide,vide,123c,Grh,vide,0,Femme
244,soufiane,Bouhageb,92005627,GynZAdG@gmail.com,nlubejmz,123f,Sponsoring,neutre,1,Homme
245,Dhia,Djellouli,vide,vide,vide,123f,Informatique,vide,0,Homme
246,oussama,Ben Ammar,vide,vide,vide,123a,Finance,vide,0,Homme
247,amal,Brahim,94454854,CpimQOI@gmail.com,atpftqbd,123d,Informatique,neutre,1,Femme
248,farah,Djaoui,94018770,EfHARGD@gmail.com,vvqfdqmd,123d,Sponsoring,neutre,1,Femme
249,Fares,Bensoussan,96708587,fvSiTRk@gmail.com,zzezwbpt,123d,Finance,Satisfait,1,Homme
250,amal,Azzabi,vide,vide,vide,123b,Finance,vide,0,Femme
251,Miniar,Bouhageb,vide,vide,vide,123f,Sponsoring,vide,0,Femme
252,soufiane,Brahim,vide,vide,vide,123a,Grh,vide,0,Homme
253,eya,Boujenah,vide,vide,vide,123f,Sponsoring,vide,0,Femme
254,mohamed,Cacoub,vide,vide,vide,123d,Sponsoring,vide,0,Homme
255,haythem,Ben Ammar,91391902,cykwIXy@gmail.com,ovxmiyck,123d,Finance,neutre,1,Homme
256,Donia,Ennaifer,94885156,BlGIBQC@gmail.com,hcjcbkqg,123b,Sponsoring,Tres satisfait,1,Femme
257,hazem,Boujenah,93877036,xlpxpVe@gmail.com,jqxfhjqo,123e,Grh,Satisfait,1,Homme
258,Firas,Ben Ayed,90090139,kVklLGl@gmail.com,veaodygo,123c,Finance,tres decu,1,Homme
259,Raya,Brahim,vide,vide,vide,123f,Grh,vide,0,Femme
260,wahid,Trabelsi,93245156,ctsVERG@gmail.com,wpdtoibf,123e,Finance,Tres satisfait,1,Homme
261,Dhia,Bouazizi,98965102,lpYEWQL@gmail.com,xlkrswjp,123f,Sponsoring,Satisfait,1,Homme
262,Montassar,Djaït,vide,vide,vide,123f,Sponsoring,vide,0,Homme
263,Ismail,Ben Ammar,vide,vide,vide,123d,Marketing,vide,0,Homme
264,Ismail,Cacoub,92387243,OXcjNmu@gmail.com,djpdbpog,123c,Finance,Tres satisfait,1,Homme
265,hazem,Charfi,vide,vide,vide,123c,Finance,vide,0,Homme
266,fourat,Charfi,vide,vide,vide,123a,Sponsoring,vide,0,Homme
267,SAMIRA,Cheikhrouhou,96051116,agPelhn@gmail.com,bkdcznla,123c,Grh,Satisfait,1,Femme
268,Habib,Bensoussan,93703164,ZOnjRyg@gmail.com,eteivinr,123d,Informatique,Tres satisfait,1,Homme
269,souad,Ben M’Barek,93306843,TIJZArT@gmail.com,gdwwiqbt,123d,Finance,decu,1,Femme
270,Afef,Djaït,95222847,txdMtre@gmail.com,opbhrgen,123d,Marketing,tres decu,1,Femme
271,sabrine,Ben Ammar,99211558,HjwBJQE@gmail.com,ddclasrh,123a,Marketing,Satisfait,1,Femme
272,yasmine,Cheikhrouhou,93095402,yTihcCw@gmail.com,keezynot,123d,Finance,neutre,1,Femme
273,farah,Trabelsi,vide,vide,vide,123b,Finance,vide,0,Femme
274,ahmed,Caïd Essebsi,96859633,lCZFPuc@gmail.com,vvdapsxz,123f,Grh,Satisfait,1,Homme
275,oussama,Abbassi,96358024,rXCdlHx@gmail.com,efnfxejf,123a,Sponsoring,decu,1,Homme
276,fardaous,Ben Slama,99443523,fnScDJB@gmail.com,kkxfdhtl,123b,Marketing,Tres satisfait,1,Femme
277,sami,Trabelsi,vide,vide,vide,123c,Sponsoring,vide,0,Homme
278,slim,Bessis,97147523,LzoFJOD@gmail.com,xnhisosi,123f,Sponsoring,decu,1,Homme
279,hazem,Ayed,95458757,IWpgoUE@gmail.com,sqxrcgfz,123a,Informatique,neutre,1,Homme
280,ilyes,Ben Achour,90299707,VthHwhC@gmail.com,sdnlwuqw,123a,Finance,tres decu,1,Homme
281,sinda,Djellouli,vide,vide,vide,123b,Informatique,vide,0,Femme
282,Donia,Bensoussan,93419743,fgZCpkW@gmail.com,jhuttcjd,123a,Marketing,tres decu,1,Femme
283,Bea,Ben Slama,94365487,FWfPfhT@gmail.com,msgtzzjn,123b,Informatique,neutre,1,Femme
284,alia,Azzabi,vide,vide,vide,123b,Informatique,vide,0,Femme
285,oussama,Caïd Essebsi,vide,vide,vide,123b,Informatique,vide,0,Homme
286,SAMIRA,Ben Ayed,vide,vide,vide,123a,Informatique,vide,0,Femme
287,Karim,Bouhageb,vide,vide,vide,123f,Sponsoring,vide,0,Homme
288,Sondes,Bouazizi,vide,vide,vide,123e,Grh,vide,0,Femme
289,khaled,Ben Achour,vide,vide,vide,123b,Grh,vide,0,Homme
290,fabrice,Ben M’Barek,91879299,hcJNAGA@gmail.com,ugawvsir,123b,Finance,Tres satisfait,1,Homme
291,fardaous,Trabelsi,94421237,wmPSdqU@gmail.com,fnwwpigv,123d,Grh,tres decu,1,Femme
292,Hiba,Bouhageb,vide,vide,vide,123d,Informatique,vide,0,Femme
293,Walid,Trabelsi,96373192,vsjwKfE@gmail.com,xzepbzkc,123b,Marketing,tres decu,1,Homme
294,Afef,Brahim,99477352,HJePxEL@gmail.com,zhfksdlk,123d,Informatique,Tres satisfait,1,Femme
295,eya,Djaït,94440799,ePkXiIG@gmail.com,ioogbsdg,123a,Informatique,tres decu,1,Femme
296,eya,Benhenia,93462570,UqmZRzL@gmail.com,ihgjtkiw,123b,Marketing,tres decu,1,Femme
297,maamoun,Brahim,vide,vide,vide,123e,Finance,vide,0,Homme
298,nawrass,Abbassi,vide,vide,vide,123f,Sponsoring,vide,0,Femme
299,chokri,Charfi,99819147,tRaFILk@gmail.com,zhuqjsji,123e,Sponsoring,neutre,1,Homme
300,slim,Brahim,vide,vide,vide,123c,Sponsoring,vide,0,Homme
301,Bea,Trabelsi,94476467,edjFnBH@gmail.com,ijvjvlhq,123c,Grh,decu,1,Femme
302,feryel,Bouhageb,vide,vide,vide,123b,Grh,vide,0,Femme
303,Ghada,Ben Slama,vide,vide,vide,123e,Finance,vide,0,Femme
304,fardaous,Abbassi,90279011,rJlSJWV@gmail.com,gaorzcsr,123a,Sponsoring,tres decu,1,Femme
305,Firas,Caïd Essebsi,97761789,JzAqYmz@gmail.com,seftxkdg,123f,Sponsoring,decu,1,Homme
306,eya,Ben Slama,vide,vide,vide,123f,Grh,vide,0,Femme
307,Miniar,Benhenia,95185113,oTktXWw@gmail.com,vuynqptq,123d,Marketing,Satisfait,1,Femme
308,wahid,Trabelsi,92655908,ubRAZZo@gmail.com,xtsquvjl,123a,Informatique,tres decu,1,Homme
309,KARIMA,Bessis,vide,vide,vide,123d,Finance,vide,0,Femme
310,Besma,Ben M’Barek,90814357,kiRodrg@gmail.com,eliivyvr,123c,Marketing,neutre,1,Femme
311,selim,Brahim,99611331,DYxYNSg@gmail.com,ljdcyzqf,123d,Sponsoring,Tres satisfait,1,Homme
312,haythem,Azzabi,vide,vide,vide,123b,Marketing,vide,0,Homme
313,wahid,Bensoussan,vide,vide,vide,123a,Sponsoring,vide,0,Homme
314,slim,Djaït,vide,vide,vide,123c,Marketing,vide,0,Homme
315,Miniar,Trabelsi,95468379,FEDfUQo@gmail.com,yickcyjh,123d,Finance,Satisfait,1,Femme
316,Firas,Boujenah,93948047,MfyzGiX@gmail.com,tndvmdpj,123c,Informatique,Tres satisfait,1,Homme
317,Amine,Bouazizi,91599653,dTPcnCH@gmail.com,zpiuqnqs,123b,Finance,neutre,1,Homme
318,Miniar,Ayed,vide,vide,vide,123a,Finance,vide,0,Femme
319,wejden,Boujenah,vide,vide,vide,123c,Finance,vide,0,Femme
320,Miniar,Bensoussan,vide,vide,vide,123f,Marketing,vide,0,Femme
321,oussama,Charfi,95023260,CNlpyFP@gmail.com,afcgnqty,123d,Informatique,Tres satisfait,1,Homme
322,Radhouen,Trabelsi,vide,vide,vide,123e,Sponsoring,vide,0,Homme
323,Bea,Bouazizi,96896598,RdEJZbQ@gmail.com,enrvrpou,123b,Sponsoring,decu,1,Femme
324,Ismail,Cacoub,96537750,IGThbIa@gmail.com,ltitssbu,123a,Marketing,decu,1,Homme
325,yasin,Cacoub,91463518,yRwddZX@gmail.com,lutwobby,123f,Finance,Tres satisfait,1,Homme
326,feryel,Ben Slama,vide,vide,vide,123c,Informatique,vide,0,Femme
327,yasin,Ennaifer,94496901,mKpYaOY@gmail.com,plumtibr,123d,Marketing,tres decu,1,Homme
328,feryel,Djellouli,99904468,LzaFKui@gmail.com,upegynrs,123b,Sponsoring,neutre,1,Femme
329,souad,Cacoub,vide,vide,vide,123e,Marketing,vide,0,Femme
330,Firas,Brahim,91666879,lejUujU@gmail.com,urbwgnom,123e,Informatique,Satisfait,1,Homme
331,sabeur,Cheikhrouhou,99060669,FzqPgPF@gmail.com,wyqupfmu,123b,Sponsoring,tres decu,1,Homme
332,mongi,Ennaifer,94547566,tPQbOlG@gmail.com,msgwcbmp,123f,Sponsoring,Satisfait,1,Homme
333,hakim,Djellouli,vide,vide,vide,123c,Marketing,vide,0,Homme
334,yasin,Bessis,94552719,JuTZLnn@gmail.com,dfpqhgoh,123e,Informatique,Tres satisfait,1,Homme
335,ilyes,Bensoussan,92969658,nMutqei@gmail.com,unkpyllq,123a,Grh,tres decu,1,Homme
336,fourat,Bessis,92191510,hKoDndh@gmail.com,yqjkahti,123a,Informatique,Tres satisfait,1,Homme
337,claudio,Ben M’Barek,92606184,ZJibGCJ@gmail.com,lqhcyaey,123b,Finance,decu,1,Homme
338,Hiba,Caïd Essebsi,90968339,AvssbXL@gmail.com,sordqhws,123f,Marketing,neutre,1,Femme
339,sameh,Charfi,99288252,NzwTUer@gmail.com,ptpjwhpu,123a,Sponsoring,decu,1,Homme
340,souad,Bouhageb,91298573,oQQVtgu@gmail.com,dybunlcl,123c,Marketing,tres decu,1,Femme
341,Walid,Boujenah,vide,vide,vide,123d,Sponsoring,vide,0,Homme
342,yasin,Bensoussan,94224186,pceJQKx@gmail.com,xyujzrig,123c,Marketing,neutre,1,Homme
343,feryel,Ayed,95745408,LhjHNIB@gmail.com,cqytzozx,123d,Sponsoring,Satisfait,1,Femme
344,Yosr,Bouazizi,vide,vide,vide,123f,Informatique,vide,0,Femme
345,sabrine,Bessis,91219525,lVAFcNz@gmail.com,phvbmdra,123e,Marketing,Satisfait,1,Femme
346,fabrice,Abbassi,vide,vide,vide,123f,Marketing,vide,0,Homme
347,oussama,Ben M’Barek,98217681,anteqgm@gmail.com,qzhbqqpo,123e,Marketing,Tres satisfait,1,Homme
348,zahra,Charfi,vide,vide,vide,123f,Marketing,vide,0,Femme
349,Ines,Ben Ammar,vide,vide,vide,123d,Marketing,vide,0,Femme
350,Ismail,Ben Ammar,vide,vide,vide,123e,Informatique,vide,0,Homme
351,sabrine,Ayed,vide,vide,vide,123f,Informatique,vide,0,Femme
352,chokri,Ben Ammar,vide,vide,vide,123e,Marketing,vide,0,Homme
353,ebtissem,Ennaifer,vide,vide,vide,123a,Finance,vide,0,Femme
354,sara,Benhenia,vide,vide,vide,123c,Marketing,vide,0,Femme
355,mongi,Cacoub,vide,vide,vide,123e,Informatique,vide,0,Homme
356,soufiane,Cacoub,vide,vide,vide,123d,Finance,vide,0,Homme
357,KARIMA,Benhenia,97652890,ABASeHh@gmail.com,jdghmcae,123a,Marketing,decu,1,Femme
358,Oumayma,Cheikhrouhou,91899919,yiFcEjC@gmail.com,trkrjjlh,123b,Sponsoring,Satisfait,1,Femme
359,chiraz,Ben Ayed,91333895,NwGxqzE@gmail.com,uoeskqfa,123b,Sponsoring,Satisfait,1,Femme
360,alia,Ennaifer,97386432,xAMxFlp@gmail.com,rrvmnyjq,123b,Sponsoring,decu,1,Femme
361,maha,Ayed,vide,vide,vide,123d,Sponsoring,vide,0,Femme
362,Bea,Benhenia,vide,vide,vide,123d,Marketing,vide,0,Femme
363,nawrass,Ennaifer,91840102,QNbQtni@gmail.com,totfcjad,123d,Finance,Satisfait,1,Femme
364,mohamed,Djellouli,vide,vide,vide,123a,Informatique,vide,0,Homme
365,hakim,Azzabi,91966062,OBELlLC@gmail.com,opsyvhue,123c,Grh,decu,1,Homme
366,Fatma,Ennaifer,94134926,ZojeTla@gmail.com,aerxsjhc,123a,Sponsoring,decu,1,Femme
367,kmar,Ben Ammar,vide,vide,vide,123a,Marketing,vide,0,Femme
368,Dhia,Benhenia,vide,vide,vide,123c,Sponsoring,vide,0,Homme
369,hakim,Azzabi,vide,vide,vide,123a,Sponsoring,vide,0,Homme
370,Tesnim,Brahim,vide,vide,vide,123d,Finance,vide,0,Femme
371,feryel,Caïd Essebsi,95118139,XsWolzI@gmail.com,vzhbwdxp,123f,Marketing,tres decu,1,Femme
372,Radhouen,Bouazizi,98995690,sNYMbvH@gmail.com,qbjwhigk,123c,Finance,decu,1,Homme
373,Karim,Azzabi,vide,vide,vide,123e,Finance,vide,0,Homme
374,sabeur,Ben M’Barek,98625101,BMmvgLt@gmail.com,alwbunoq,123b,Grh,tres decu,1,Homme
375,Yosr,Bessis,97365221,iVffZvI@gmail.com,wxkwuvmx,123c,Sponsoring,neutre,1,Femme
376,nadia,Ben Ammar,vide,vide,vide,123e,Marketing,vide,0,Femme
377,SAMIRA,Ben Ammar,vide,vide,vide,123f,Marketing,vide,0,Femme
378,nadia,Azzabi,vide,vide,vide,123e,Grh,vide,0,Femme
379,maha,Azzabi,vide,vide,vide,123c,Grh,vide,0,Femme
380,Saleh,Ben Ayed,vide,vide,vide,123d,Finance,vide,0,Homme
381,SAMIRA,Djaoui,90688597,LHtEyEb@gmail.com,tlkcaipv,123d,Marketing,Satisfait,1,Femme
382,salma,Bouhageb,92009727,FWpIZoy@gmail.com,mamtyvnu,123b,Grh,Satisfait,1,Femme
383,atef,Cacoub,vide,vide,vide,123a,Sponsoring,vide,0,Homme
384,maha,Ben Ayed,vide,vide,vide,123c,Informatique,vide,0,Femme
385,haythem,Ben Slama,vide,vide,vide,123e,Sponsoring,vide,0,Homme
386,anas,Azzabi,vide,vide,vide,123b,Informatique,vide,0,Homme
387,ebtissem,Djaït,vide,vide,vide,123c,Sponsoring,vide,0,Femme
388,hazem,Benhenia,vide,vide,vide,123f,Finance,vide,0,Homme
389,farah,Ben Ayed,vide,vide,vide,123e,Marketing,vide,0,Femme
390,wahid,Bessis,90099839,mDTVeMg@gmail.com,vvembzke,123a,Finance,Tres satisfait,1,Homme
391,ilyes,Ben Slama,95034164,sOcZkTU@gmail.com,vudggpru,123d,Grh,Satisfait,1,Homme
392,Sondes,Benhenia,vide,vide,vide,123b,Sponsoring,vide,0,Femme
393,ryma,Trabelsi,93330269,uuDHLBD@gmail.com,rqotghgi,123c,Grh,tres decu,1,Femme
394,alia,Caïd Essebsi,93569161,vOMIHtn@gmail.com,httclxst,123a,Marketing,neutre,1,Femme
395,Besma,Trabelsi,94555187,uuXSPNx@gmail.com,mwssqqyh,123c,Marketing,Satisfait,1,Femme
396,Bea,Cacoub,95775700,spoXGUc@gmail.com,smaycuix,123a,Informatique,Satisfait,1,Femme
397,Kaouther,Ben Achour,vide,vide,vide,123d,Informatique,vide,0,Femme
398,haythem,Abbassi,vide,vide,vide,123d,Informatique,vide,0,Homme
399,Hiba,Abbassi,vide,vide,vide,123b,Grh,vide,0,Femme
400,Mehdi,Bessis,vide,vide,vide,123d,Finance,vide,0,Homme
401,Afef,Ben Ammar,96792787,VzWXbGL@gmail.com,ykucooqi,123c,Informatique,decu,1,Femme
402,Afef,Benhenia,93878840,JLoxFwn@gmail.com,asdfasry,123c,Marketing,Satisfait,1,Femme
403,Fatma,Caïd Essebsi,vide,vide,vide,123d,Sponsoring,vide,0,Femme
404,fourat,Ben Achour,99169260,WLGfaUX@gmail.com,qodqdjle,123b,Sponsoring,decu,1,Homme
405,Raya,Bouhageb,98561372,iDkfjiz@gmail.com,swagkygc,123e,Grh,neutre,1,Femme
406,aymen,Brahim,vide,vide,vide,123c,Grh,vide,0,Homme
407,KARIMA,Djellouli,96267852,TRhDVeh@gmail.com,etdzwdwx,123b,Finance,tres decu,1,Femme
408,sara,Ben Achour,vide,vide,vide,123e,Grh,vide,0,Femme
409,SAMIRA,Benhenia,99195527,FcRcmoL@gmail.com,udrofwky,123a,Informatique,tres decu,1,Femme
410,Hiba,Cheikhrouhou,vide,vide,vide,123f,Sponsoring,vide,0,Femme
411,Hiba,Boujenah,vide,vide,vide,123c,Marketing,vide,0,Femme
412,soufiane,Ben Achour,vide,vide,vide,123b,Informatique,vide,0,Homme
413,Ismail,Cacoub,91307626,jQKdBTZ@gmail.com,jfykzghh,123d,Marketing,decu,1,Homme
414,aziz,Ben M’Barek,90104224,twmPLdF@gmail.com,xofqdqbf,123e,Informatique,tres decu,1,Homme
415,sabeur,Abbassi,93813349,OWHKgus@gmail.com,bmlcovum,123a,Grh,neutre,1,Homme
416,Firas,Brahim,vide,vide,vide,123a,Informatique,vide,0,Homme
417,Amine,Ben Ayed,95812624,GUAurUv@gmail.com,uemyfyuy,123d,Finance,neutre,1,Homme
418,haythem,Azzabi,91011824,rzARdru@gmail.com,xgsyypmf,123d,Sponsoring,Satisfait,1,Homme
419,Ines,Bouhageb,vide,vide,vide,123e,Grh,vide,0,Femme
420,Anissa,Charfi,99843519,UqhCoSQ@gmail.com,otkslxmr,123f,Marketing,Satisfait,1,Femme
421,fourat,Brahim,98439026,mnkKCjW@gmail.com,kddggacn,123b,Finance,Satisfait,1,Homme
422,fabrice,Brahim,96576108,rLgWHse@gmail.com,reygkvsk,123f,Marketing,Satisfait,1,Homme
423,maha,Ben Achour,vide,vide,vide,123b,Informatique,vide,0,Femme
424,omar,Djaït,98480152,fWTmplW@gmail.com,pvinsuta,123d,Finance,decu,1,Homme
425,Amine,Brahim,vide,vide,vide,123d,Sponsoring,vide,0,Homme
426,fabrice,Ben Slama,92006362,zUwldVG@gmail.com,sgcdvqmj,123d,Marketing,Tres satisfait,1,Homme
427,wahid,Boujenah,vide,vide,vide,123b,Informatique,vide,0,Homme
428,Firas,Boujenah,91051924,depWrPA@gmail.com,sryifvqp,123d,Finance,decu,1,Homme
429,claudio,Azzabi,95960308,mhAWiNt@gmail.com,auxrihfo,123c,Informatique,Satisfait,1,Homme
430,adem,Cheikhrouhou,vide,vide,vide,123b,Informatique,vide,0,Homme
431,Samia,Abbassi,vide,vide,vide,123f,Marketing,vide,0,Femme
