Id,DTR,DTHR,Type,image,Text,Location,Service,State
135001,01/15/2008 12:38 AM,08/17/2008 03:16 AM,Sanitary problem,,Water leak in 3rd floor toilet,1,Emergency,1
141312,08/19/2008 03:36 AM,11/14/2008 11:58 AM,other,,Broken lamp in room 1022,4,Other,1
145697,01/13/2008 09:06 PM,07/13/2008 06:10 PM,Technical problem,,Harassment between students,3,Security,1
150964,04/23/2008 03:49 PM,06/11/2008 03:06 AM,Technical problem,,Mask not worn 1st floor,2,Maintenance service,0
127314,02/17/2008 05:37 AM,02/28/2008 03:38 AM,Relationnal problem,,Projection screen not working,0,Security,1
175660,08/31/2008 11:10 PM,06/28/2008 01:30 AM,Emergency,,Blocked window in room 1014,0,Other,1
123946,07/05/2008 01:40 AM,02/26/2008 04:29 AM,Relationnal problem,,Lamp not working on 2nd floor,3,Security,1
184488,07/02/2008 04:12 AM,07/30/2008 06:41 PM,other,,Mask not worn 1st floor,1,Technicals,0
135851,02/21/2008 06:43 AM,10/08/2008 09:42 AM,Technical problem,,Computer not working in room 2012,4,Technicals,0
107635,02/07/2008 09:42 AM,03/24/2008 03:26 PM,Emergency,,Insalubrious wall 4th floor,2,Health assistance,1
195603,06/14/2008 08:45 AM,04/23/2008 04:20 AM,other,,Drunk on campus,2,Other,0
142028,05/05/2008 02:15 AM,08/04/2008 07:51 PM,other,,Drunk on campus,4,Health assistance,0
180893,12/29/2008 10:41 PM,04/14/2008 07:37 AM,other,,Overturned rubbish bin,4,Technicals,0
120520,11/14/2008 03:37 PM,10/28/2008 07:54 AM,Emergency,,Mask not worn 1st floor,3,Maintenance service,1
180821,10/28/2008 10:12 AM,04/30/2008 05:53 AM,Emergency,,Projection screen not working,2,Maintenance service,0
163274,07/09/2008 09:26 AM,01/04/2008 07:23 PM,other,,Insalubrious wall 4th floor,1,Technicals,0
177796,12/04/2008 08:37 AM,09/26/2008 05:54 PM,Sanitary problem,,Projection screen not working,1,Health assistance,0
177591,06/23/2008 04:24 PM,03/06/2008 09:01 PM,Technical problem,,Heating broken in room,4,Health assistance,0
184654,12/30/2008 04:54 PM,10/29/2008 01:04 AM,Sanitary problem,,Insalubrious wall 4th floor,1,Maintenance service,0
108704,11/14/2008 11:02 AM,09/18/2008 06:21 AM,other,,Rideau blocked at the hall 2009,3,Other,1
195184,08/18/2008 09:36 AM,11/03/2008 05:10 PM,Sanitary problem,,Drunk on campus,1,Technicals,0
187597,03/07/2008 09:09 PM,04/24/2008 03:03 PM,Relationnal problem,,Vending machine broken 1st floor,1,Maintenance service,1
102981,02/29/2008 02:56 AM,12/19/2008 11:43 AM,Sanitary problem,,Broken window in room 1025,0,Security,0
100916,05/19/2008 03:05 AM,11/11/2008 05:49 AM,Technical problem,,Broken lamp in room 1022,0,Maintenance service,0
150198,05/30/2008 09:50 AM,12/31/2008 02:43 AM,Sanitary problem,,Vending machine broken 1st floor,4,Security,1
169164,08/01/2008 04:22 AM,03/12/2008 03:00 AM,other,,Overturned rubbish bin,1,Maintenance service,0
183869,02/20/2008 01:35 AM,03/19/2008 03:24 AM,Relationnal problem,,Door stuck in room 2021,0,Other,0
158795,05/26/2008 09:45 AM,12/24/2008 12:36 PM,Sanitary problem,,Vending machine broken 1st floor,4,Security,0
126103,10/29/2008 09:08 PM,02/18/2008 11:58 AM,Technical problem,,Student stumbles on stairs,1,Health assistance,1
124621,01/17/2008 09:11 AM,03/13/2008 05:43 PM,Sanitary problem,,Door stuck in room 2021,0,Technicals,1
169104,10/17/2008 11:05 PM,12/02/2008 11:06 AM,Emergency,,Lamp not working on 2nd floor,4,Security,0
143029,11/03/2008 11:42 AM,07/22/2008 02:03 PM,other,,Video projector not working in room 1019,0,Other,1
114836,04/19/2008 04:45 PM,09/24/2008 03:40 AM,Sanitary problem,,Harassment between students,4,Security,0
169778,06/15/2008 04:23 AM,10/16/2008 06:33 AM,other,,Computer not working in room 2012,4,Maintenance service,1
178913,10/03/2008 03:21 AM,11/15/2008 06:37 AM,Relationnal problem,,Blocked chair amphitheatre 1,0,Maintenance service,0
144634,09/01/2008 03:23 PM,07/13/2008 03:20 PM,Emergency,,Heating broken in room,0,Other,1
197861,11/19/2008 01:26 PM,05/22/2008 12:59 AM,Sanitary problem,,Lamp not working on 2nd floor,0,Other,1
144026,09/27/2008 06:35 AM,12/14/2008 11:15 AM,other,,Heating broken in room,3,Emergency,1
123442,04/15/2008 05:35 AM,04/24/2008 12:48 AM,Relationnal problem,,Water leak in 3rd floor toilet,3,Emergency,1
142389,09/06/2008 04:48 AM,12/17/2008 04:31 AM,Sanitary problem,,Insalubrious wall 4th floor,2,Health assistance,1
184170,09/15/2008 08:11 PM,06/07/2008 02:52 PM,Relationnal problem,,Lamp not working on 2nd floor,4,Maintenance service,0
181583,06/13/2008 02:19 PM,08/28/2008 12:49 PM,Relationnal problem,,Broken window in room 1025,4,Health assistance,0
135194,12/24/2008 07:20 PM,01/24/2008 10:08 AM,Sanitary problem,,Vending machine broken 1st floor,1,Maintenance service,0
186377,05/21/2008 04:03 PM,03/27/2008 04:18 PM,Relationnal problem,,Fight in rooftoop,0,Health assistance,0
173479,12/25/2008 08:42 PM,06/24/2008 07:51 AM,Emergency,,Mask not worn 1st floor,3,Security,1
152454,10/16/2008 01:28 AM,01/22/2008 08:25 AM,Technical problem,,Student stumbles on stairs,0,Other,0
195900,08/19/2008 05:25 AM,03/16/2008 12:43 AM,Sanitary problem,,Computer not working in room 2012,0,Health assistance,1
165940,04/05/2008 11:03 AM,03/18/2008 10:30 PM,other,,Lift out of order,0,Maintenance service,1
107840,03/22/2008 12:31 PM,02/12/2008 01:13 PM,other,,Fire in room 1026,1,Technicals,1
195253,02/07/2008 12:23 AM,11/12/2008 10:51 AM,Emergency,,Fight in rooftoop,0,Other,1
151644,09/08/2008 11:22 PM,10/03/2008 01:32 AM,other,,Projection screen not working,2,Other,1
107825,01/01/2008 08:34 PM,02/19/2008 04:42 PM,Technical problem,,Video projector not working in room 1019,4,Security,1
178566,09/07/2008 09:56 AM,03/31/2008 07:26 AM,other,,Water leak in 3rd floor toilet,3,Emergency,1
110763,05/22/2008 04:50 PM,11/10/2008 03:35 AM,Relationnal problem,,Blocked window in room 1014,1,Technicals,1
188522,02/06/2008 02:44 PM,11/05/2008 03:52 AM,Relationnal problem,,Student stumbles on stairs,1,Technicals,1
134506,10/02/2008 02:31 AM,02/27/2008 05:53 PM,other,,Harassment between students,4,Maintenance service,0
138015,09/16/2008 01:48 PM,07/15/2008 12:14 PM,Sanitary problem,,Broken lamp in room 1022,1,Security,1
189173,08/28/2008 10:39 AM,01/18/2008 04:20 PM,Sanitary problem,,Student stumbles on stairs,1,Security,0
165287,07/26/2008 03:17 AM,01/04/2008 08:35 PM,Sanitary problem,,Mask not worn 1st floor,1,Other,1
188029,11/07/2008 09:18 AM,12/14/2008 06:18 AM,Technical problem,,Overturned rubbish bin,0,Maintenance service,1
146545,01/12/2008 09:51 PM,11/17/2008 04:47 AM,Relationnal problem,,Vending machine broken 1st floor,2,Other,1
138020,10/27/2008 08:32 AM,06/06/2008 04:48 PM,Technical problem,,Video projector not working in room 1019,0,Health assistance,1
112050,11/18/2008 08:01 PM,11/07/2008 05:45 PM,Technical problem,,Lamp not working on 2nd floor,0,Maintenance service,1
167379,02/23/2008 11:08 AM,08/10/2008 07:35 PM,Sanitary problem,,Rideau blocked at the hall 2009,3,Security,0
169696,01/30/2008 08:06 AM,02/10/2008 01:49 PM,Relationnal problem,,Lamp not working on 2nd floor,3,Health assistance,1
111587,10/09/2008 05:34 AM,08/06/2008 06:05 PM,Technical problem,,Fire in room 1026,4,Emergency,1
125596,11/05/2008 06:43 PM,10/08/2008 07:09 AM,other,,Insalubrious wall 4th floor,1,Technicals,0
123123,04/21/2008 08:24 AM,05/20/2008 06:47 PM,Technical problem,,Computer not working in room 2012,1,Emergency,1
121470,12/29/2008 04:28 PM,10/29/2008 09:31 PM,Emergency,,Projection screen not working,0,Maintenance service,0
161803,12/25/2008 07:48 PM,01/23/2008 04:42 PM,Technical problem,,Lamp not working on 2nd floor,0,Security,0
124128,05/31/2008 04:32 AM,02/25/2008 09:31 AM,Relationnal problem,,Vending machine broken 1st floor,1,Health assistance,1
110935,08/28/2008 03:43 AM,08/17/2008 10:19 PM,Technical problem,,Blocked toilet,4,Technicals,1
118023,07/18/2008 07:30 PM,08/17/2008 01:34 PM,other,,Nose bleed,0,Maintenance service,0
144389,02/23/2008 04:29 PM,09/25/2008 01:45 AM,Relationnal problem,,Broken lamp in room 1022,4,Technicals,0
176569,10/30/2008 02:32 AM,12/30/2008 06:24 PM,Technical problem,,Nose bleed,1,Health assistance,1
122649,08/04/2008 11:57 AM,12/19/2008 07:55 AM,Sanitary problem,,Door stuck in room 2021,4,Other,1
149496,12/17/2008 05:45 PM,04/17/2008 01:52 PM,Emergency,,Mask not worn 1st floor,4,Security,0
151210,04/15/2008 03:09 AM,06/24/2008 02:25 PM,Sanitary problem,,Heating broken in room,4,Maintenance service,0
128883,02/29/2008 01:10 PM,07/28/2008 02:53 PM,Emergency,,Discomfort in the hall,4,Health assistance,0
100691,12/30/2008 01:37 AM,07/16/2008 07:49 AM,Sanitary problem,,Broken window in room 1025,4,Other,1
129999,01/22/2008 01:51 AM,06/15/2008 03:07 PM,Technical problem,,Broken lamp in room 1022,1,Security,0
158950,06/22/2008 05:11 AM,01/25/2008 07:06 PM,Technical problem,,Vending machine broken 1st floor,1,Technicals,1
151272,08/11/2008 04:27 PM,10/02/2008 08:58 AM,Sanitary problem,,Blocked chair amphitheatre 1,0,Emergency,1
199334,03/12/2008 07:13 AM,09/01/2008 03:26 PM,Sanitary problem,,Heating broken in room,3,Other,0
198149,12/22/2008 03:43 AM,04/18/2008 01:52 AM,other,,Projection screen not working,4,Security,0
175325,10/15/2008 02:19 AM,04/18/2008 11:59 AM,Sanitary problem,,Overturned rubbish bin,0,Emergency,0
181979,12/01/2008 12:01 PM,07/13/2008 01:53 PM,other,,Vending machine broken 1st floor,4,Other,0
145621,10/16/2008 02:53 AM,01/05/2008 10:47 AM,Emergency,,Fight in rooftoop,0,Technicals,0
155763,04/11/2008 03:59 PM,02/26/2008 11:04 PM,other,,Door stuck in room 2021,4,Other,0
103500,04/27/2008 02:09 PM,10/22/2008 01:12 PM,Sanitary problem,,Lamp not working on 2nd floor,3,Other,0
117298,11/12/2008 05:36 PM,04/07/2008 07:43 PM,Relationnal problem,,Harassment between students,1,Security,0
146035,07/29/2008 11:41 PM,03/16/2008 08:28 PM,Relationnal problem,,Vending machine broken 1st floor,0,Technicals,0
174867,04/26/2008 04:29 PM,01/29/2008 05:31 PM,Relationnal problem,,Broken window in room 1025,3,Maintenance service,0
169641,07/04/2008 03:50 AM,08/09/2008 11:09 PM,Emergency,,Blocked window in room 1014,2,Health assistance,0
126908,10/21/2008 01:52 AM,02/15/2008 07:54 PM,other,,Blocked toilet,2,Maintenance service,0
108461,11/06/2008 01:04 PM,07/23/2008 11:20 AM,Relationnal problem,,Video projector not working in room 1019,3,Other,0
112964,06/05/2008 08:40 AM,05/17/2008 10:36 AM,Relationnal problem,,Overturned rubbish bin,2,Technicals,1
110954,04/22/2008 12:00 AM,02/12/2008 04:04 PM,other,,Broken lamp in room 1022,3,Technicals,1
143626,10/15/2008 10:05 AM,06/02/2008 04:29 PM,Emergency,,Water leak in 3rd floor toilet,2,Security,1
168676,10/09/2008 07:00 AM,04/22/2008 03:49 AM,Emergency,,Overturned rubbish bin,1,Maintenance service,1
132700,05/27/2008 12:14 PM,04/11/2008 04:27 PM,Emergency,,Discomfort in the hall,4,Maintenance service,1
112707,01/31/2008 04:50 PM,12/15/2008 05:25 AM,other,,Student stumbles on stairs,0,Emergency,0
123539,03/11/2008 12:43 AM,02/10/2008 09:40 AM,Sanitary problem,,Insalubrious wall 4th floor,3,Security,1
154396,05/03/2008 10:52 PM,09/04/2008 03:47 PM,Relationnal problem,,Discomfort in the hall,0,Security,1
181534,11/18/2008 03:29 PM,02/14/2008 05:01 PM,Technical problem,,Blocked toilet,0,Other,0
134187,10/25/2008 10:35 PM,04/20/2008 05:46 AM,Technical problem,,Blocked window in room 1014,4,Security,0
168974,04/19/2008 06:32 PM,08/25/2008 03:46 AM,Relationnal problem,,Drunk on campus,0,Emergency,1
126446,12/29/2008 09:47 AM,04/08/2008 08:11 AM,other,,Discomfort in the hall,3,Security,0
121438,05/04/2008 01:57 AM,09/30/2008 09:41 PM,other,,Student stumbles on stairs,4,Technicals,1
167798,09/17/2008 04:43 AM,03/03/2008 03:38 PM,Technical problem,,Video projector not working in room 1019,2,Technicals,0
117464,10/05/2008 12:33 PM,11/02/2008 10:35 AM,Sanitary problem,,Broken lamp in room 1022,1,Maintenance service,0
105797,06/02/2008 06:29 AM,04/20/2008 08:13 PM,Relationnal problem,,Lift out of order,0,Security,0
165245,03/11/2008 09:37 AM,07/14/2008 10:45 AM,Technical problem,,Broken window in room 1025,4,Other,1
175059,08/26/2008 05:35 PM,08/01/2008 04:08 PM,Emergency,,Broken lamp in room 1022,2,Maintenance service,0
139029,10/15/2008 11:04 PM,10/19/2008 09:42 PM,Relationnal problem,,Blocked toilet,1,Technicals,0
190415,02/12/2008 01:01 AM,04/26/2008 12:25 AM,Technical problem,,Projection screen not working,1,Health assistance,0
110985,04/18/2008 02:51 AM,09/10/2008 11:07 AM,Sanitary problem,,Lift out of order,0,Maintenance service,1
195505,10/24/2008 09:57 AM,06/17/2008 04:26 PM,Sanitary problem,,Water leak in 3rd floor toilet,1,Security,0
165751,10/12/2008 05:56 AM,10/02/2008 11:29 PM,other,,Blocked window in room 1014,4,Security,1
138014,10/25/2008 04:12 AM,06/04/2008 02:13 PM,Emergency,,Overturned rubbish bin,3,Other,0
105369,08/31/2008 08:36 AM,08/06/2008 01:32 PM,Sanitary problem,,Video projector not working in room 1019,1,Emergency,0
130187,12/17/2008 11:44 AM,07/04/2008 05:31 AM,Emergency,,Video projector not working in room 1019,4,Other,1
183482,01/24/2008 12:27 AM,02/28/2008 01:52 AM,Relationnal problem,,Overturned rubbish bin,4,Security,1
162266,07/23/2008 06:59 AM,12/24/2008 06:17 PM,other,,Heating broken in room,1,Security,1
159953,06/24/2008 02:39 PM,10/14/2008 04:28 PM,Relationnal problem,,Projection screen not working,4,Technicals,1
116203,10/09/2008 01:20 AM,07/02/2008 03:03 PM,Emergency,,Heating broken in room,3,Emergency,1
110528,10/27/2008 03:36 PM,11/04/2008 03:00 PM,Sanitary problem,,Discomfort in the hall,4,Technicals,1
159614,05/31/2008 10:35 AM,04/28/2008 09:40 PM,Relationnal problem,,Fight in rooftoop,1,Security,1
122224,01/07/2008 04:20 PM,06/02/2008 10:55 PM,Technical problem,,Blocked toilet,2,Other,1
138413,08/17/2008 08:22 PM,06/12/2008 02:15 PM,Sanitary problem,,Vending machine broken 1st floor,4,Other,0
160613,11/08/2008 12:28 AM,11/06/2008 12:11 PM,other,,Harassment between students,0,Technicals,1
117621,05/29/2008 09:51 AM,02/15/2008 04:34 PM,Emergency,,Lift out of order,4,Security,1
169177,05/23/2008 01:31 PM,10/21/2008 01:39 AM,other,,Blocked window in room 1014,4,Emergency,1
157024,06/25/2008 11:10 AM,10/22/2008 06:28 AM,Sanitary problem,,Blocked toilet,2,Emergency,1
163482,01/21/2008 02:39 AM,02/13/2008 05:28 AM,other,,Lift out of order,1,Technicals,1
163709,04/28/2008 01:35 AM,09/05/2008 09:32 PM,other,,Nose bleed,0,Technicals,0
102252,08/07/2008 04:54 PM,07/12/2008 03:44 AM,Emergency,,Lift out of order,3,Other,0
141846,09/01/2008 08:37 PM,10/17/2008 05:41 PM,Technical problem,,Discomfort in the hall,1,Technicals,1
146211,12/23/2008 07:30 AM,07/07/2008 10:27 AM,Emergency,,Rideau blocked at the hall 2009,2,Other,1
158867,10/09/2008 01:13 PM,01/29/2008 10:47 PM,Sanitary problem,,Blocked chair amphitheatre 1,1,Health assistance,1
145860,02/19/2008 06:16 PM,07/04/2008 03:51 AM,Technical problem,,Heating broken in room,4,Technicals,0
143799,12/23/2008 07:45 PM,04/23/2008 07:59 PM,Technical problem,,Broken window in room 1025,2,Technicals,0
184566,07/27/2008 02:05 AM,07/23/2008 03:01 AM,Sanitary problem,,Nose bleed,3,Emergency,0
155292,02/17/2008 12:58 AM,05/08/2008 04:35 AM,Technical problem,,Student stumbles on stairs,3,Emergency,1
113103,02/24/2008 07:34 AM,05/15/2008 01:52 AM,other,,Broken window in room 1025,2,Technicals,0
191553,06/12/2008 06:14 PM,09/08/2008 09:19 PM,Technical problem,,Discomfort in the hall,3,Other,1
141075,03/26/2008 06:47 PM,05/29/2008 10:40 AM,Relationnal problem,,Blocked window in room 1014,1,Health assistance,0
114400,04/15/2008 06:55 AM,02/19/2008 08:15 AM,Technical problem,,Rideau blocked at the hall 2009,1,Emergency,1
153452,07/02/2008 03:15 AM,12/31/2008 03:23 AM,Emergency,,Blocked toilet,2,Health assistance,1
179430,04/20/2008 01:30 PM,05/25/2008 01:18 PM,Sanitary problem,,Projection screen not working,0,Emergency,0
185616,02/13/2008 03:41 PM,10/01/2008 01:23 AM,Relationnal problem,,Drunk on campus,4,Emergency,0
142965,06/19/2008 02:21 PM,10/28/2008 10:41 PM,Technical problem,,Lamp not working on 2nd floor,3,Technicals,0
100236,07/15/2008 05:43 AM,06/03/2008 12:06 AM,Sanitary problem,,Vending machine broken 1st floor,2,Technicals,0
159048,08/12/2008 01:53 AM,04/23/2008 02:10 AM,other,,Projection screen not working,0,Technicals,0
163053,03/10/2008 11:02 AM,02/04/2008 09:22 AM,Technical problem,,Fire in room 1026,4,Security,1
163587,12/05/2008 06:29 PM,04/20/2008 02:28 AM,Technical problem,,Heating broken in room,2,Emergency,0
145416,03/20/2008 06:31 AM,03/25/2008 02:35 AM,Technical problem,,Blocked window in room 1014,1,Health assistance,0
106520,03/28/2008 10:00 PM,08/23/2008 05:48 PM,Emergency,,Insalubrious wall 4th floor,4,Health assistance,0
178409,05/31/2008 03:06 PM,10/31/2008 03:10 AM,Sanitary problem,,Insalubrious wall 4th floor,1,Security,0
169395,02/24/2008 05:02 AM,04/06/2008 03:39 AM,other,,Insalubrious wall 4th floor,1,Other,1
195033,12/01/2008 07:50 PM,06/03/2008 03:38 AM,Relationnal problem,,Heating broken in room,2,Technicals,0
163183,12/21/2008 06:49 AM,02/19/2008 06:30 AM,Emergency,,Blocked window in room 1014,3,Other,0
175779,11/25/2008 03:26 AM,12/30/2008 02:01 PM,Relationnal problem,,Heating broken in room,0,Security,1
113169,06/22/2008 10:42 AM,01/03/2008 11:22 AM,Relationnal problem,,Nose bleed,1,Other,0
133376,12/10/2008 02:56 AM,02/19/2008 06:07 AM,Relationnal problem,,Lamp not working on 2nd floor,1,Technicals,1
143996,02/29/2008 05:19 PM,12/23/2008 01:24 AM,Relationnal problem,,Broken window in room 1025,0,Maintenance service,0
125521,04/30/2008 01:36 AM,03/17/2008 11:19 PM,other,,Nose bleed,4,Maintenance service,0
135969,01/12/2008 03:32 AM,12/26/2008 02:24 AM,other,,Student stumbles on stairs,1,Health assistance,1
129649,08/09/2008 06:01 PM,08/15/2008 11:26 PM,Technical problem,,Blocked toilet,3,Security,0
163054,11/28/2008 01:07 PM,03/30/2008 08:08 PM,Sanitary problem,,Water leak in 3rd floor toilet,3,Maintenance service,0
142886,07/17/2008 05:27 AM,05/30/2008 04:10 PM,other,,Lift out of order,2,Security,0
138254,07/11/2008 11:38 PM,01/03/2008 02:53 AM,Sanitary problem,,Blocked chair amphitheatre 1,0,Emergency,0
172375,12/02/2008 04:54 AM,04/07/2008 05:02 AM,Sanitary problem,,Blocked chair amphitheatre 1,0,Maintenance service,0
104696,10/31/2008 01:38 AM,01/06/2008 04:56 AM,Emergency,,Discomfort in the hall,2,Health assistance,0
116514,04/13/2008 03:24 AM,02/26/2008 12:30 AM,Relationnal problem,,Rideau blocked at the hall 2009,1,Security,0
145921,05/30/2008 09:05 PM,05/09/2008 06:06 AM,Emergency,,Heating broken in room,3,Technicals,0
101568,10/25/2008 04:20 PM,08/14/2008 10:48 PM,Technical problem,,Overturned rubbish bin,1,Health assistance,0
100125,12/26/2008 04:07 PM,09/21/2008 04:09 AM,Relationnal problem,,Mask not worn 1st floor,1,Health assistance,0
105240,12/31/2008 03:36 AM,08/17/2008 06:44 AM,Emergency,,Blocked chair amphitheatre 1,4,Health assistance,1
121397,06/02/2008 12:21 PM,04/05/2008 09:54 AM,Emergency,,Insalubrious wall 4th floor,3,Technicals,0
132836,10/13/2008 03:00 PM,01/01/2008 09:31 PM,other,,Computer not working in room 2012,4,Other,0
131144,05/15/2008 03:27 AM,05/01/2008 08:43 AM,Emergency,,Door stuck in room 2021,3,Maintenance service,0
117690,01/27/2008 09:05 PM,01/20/2008 02:00 PM,Technical problem,,Fight in rooftoop,0,Emergency,0
175242,04/22/2008 10:18 AM,07/31/2008 04:58 AM,Relationnal problem,,Fire in room 1026,1,Security,0
112037,04/29/2008 01:24 PM,07/29/2008 07:41 PM,other,,Mask not worn 1st floor,4,Technicals,1
181615,03/21/2008 11:26 PM,10/09/2008 08:20 AM,Emergency,,Fire in room 1026,0,Other,0
121142,12/25/2008 03:14 PM,07/19/2008 08:36 PM,other,,Discomfort in the hall,0,Health assistance,1
153922,02/18/2008 11:24 AM,10/11/2008 08:16 PM,Sanitary problem,,Rideau blocked at the hall 2009,0,Emergency,0
138299,10/23/2008 09:44 PM,03/26/2008 10:10 PM,Sanitary problem,,Student stumbles on stairs,1,Maintenance service,1
103737,05/05/2008 08:28 PM,03/20/2008 11:07 AM,other,,Computer not working in room 2012,0,Emergency,0
131156,09/03/2008 07:25 AM,10/22/2008 08:26 PM,Sanitary problem,,Drunk on campus,2,Other,1
193325,10/09/2008 01:06 PM,11/25/2008 07:36 PM,other,,Overturned rubbish bin,1,Other,0
197767,06/03/2008 06:01 AM,11/08/2008 02:18 PM,Emergency,,Student stumbles on stairs,1,Health assistance,1
140967,06/14/2008 05:01 PM,06/14/2008 05:20 PM,Technical problem,,Blocked toilet,1,Maintenance service,0
131958,11/21/2008 01:33 AM,05/20/2008 05:38 AM,Relationnal problem,,Overturned rubbish bin,3,Emergency,0
138415,08/01/2008 06:43 PM,03/13/2008 03:45 PM,Emergency,,Overturned rubbish bin,0,Maintenance service,1
182720,05/05/2008 12:23 AM,03/20/2008 06:26 PM,Relationnal problem,,Computer not working in room 2012,0,Emergency,1
106098,10/06/2008 02:27 PM,01/03/2008 02:33 PM,Emergency,,Lamp not working on 2nd floor,0,Security,1
196926,02/16/2008 03:32 PM,02/01/2008 08:04 PM,Technical problem,,Water leak in 3rd floor toilet,2,Security,0
171747,02/08/2008 08:48 AM,06/09/2008 06:35 AM,Relationnal problem,,Door stuck in room 2021,4,Health assistance,1
137878,08/01/2008 01:37 PM,12/25/2008 02:31 PM,Technical problem,,Blocked toilet,4,Other,0
107539,12/12/2008 02:06 AM,04/23/2008 08:49 PM,Sanitary problem,,Broken lamp in room 1022,3,Emergency,1
141501,09/09/2008 10:56 AM,07/08/2008 03:01 PM,Technical problem,,Projection screen not working,1,Emergency,0
139029,06/03/2008 02:09 PM,12/04/2008 11:46 PM,Sanitary problem,,Overturned rubbish bin,3,Health assistance,1
113067,07/24/2008 06:11 PM,08/26/2008 12:16 PM,Sanitary problem,,Lamp not working on 2nd floor,0,Maintenance service,0
116794,09/16/2008 08:53 AM,03/10/2008 12:37 AM,other,,Lamp not working on 2nd floor,0,Emergency,0
148131,11/12/2008 11:52 AM,05/27/2008 09:31 AM,Technical problem,,Video projector not working in room 1019,2,Technicals,0
147016,09/06/2008 10:17 AM,12/23/2008 04:55 PM,Emergency,,Vending machine broken 1st floor,0,Maintenance service,1
100967,09/02/2008 08:57 AM,03/27/2008 12:56 AM,Technical problem,,Lamp not working on 2nd floor,2,Maintenance service,0
144939,10/09/2008 07:28 AM,08/18/2008 06:24 PM,Technical problem,,Blocked chair amphitheatre 1,0,Emergency,1
118597,12/28/2008 07:19 PM,05/16/2008 11:54 AM,other,,Lamp not working on 2nd floor,3,Maintenance service,0
158310,06/12/2008 05:20 AM,04/24/2008 11:41 AM,Emergency,,Student stumbles on stairs,4,Other,0
112072,09/18/2008 06:51 AM,07/29/2008 05:03 AM,Technical problem,,Broken lamp in room 1022,3,Health assistance,0
110430,01/29/2008 02:50 AM,06/12/2008 06:56 PM,Technical problem,,Computer not working in room 2012,0,Technicals,0
101154,11/27/2008 03:40 PM,09/22/2008 06:30 AM,Emergency,,Broken lamp in room 1022,0,Technicals,1
115168,01/27/2008 03:30 PM,01/23/2008 06:51 AM,Relationnal problem,,Lift out of order,1,Security,0
141351,10/05/2008 08:29 PM,02/27/2008 04:20 AM,Technical problem,,Projection screen not working,4,Health assistance,1
144519,02/25/2008 07:59 PM,06/23/2008 04:41 AM,Sanitary problem,,Fight in rooftoop,4,Health assistance,0
184671,10/23/2008 06:28 AM,01/07/2008 07:58 AM,Sanitary problem,,Door stuck in room 2021,2,Emergency,1
120858,02/12/2008 04:22 AM,08/10/2008 07:06 AM,Relationnal problem,,Blocked window in room 1014,3,Emergency,1
188649,04/21/2008 09:59 PM,09/21/2008 06:55 AM,Sanitary problem,,Heating broken in room,3,Health assistance,1
101422,02/06/2008 03:12 AM,07/14/2008 08:17 AM,other,,Projection screen not working,0,Health assistance,0
157355,11/14/2008 04:28 AM,11/26/2008 12:49 PM,Emergency,,Discomfort in the hall,3,Maintenance service,1
145005,08/01/2008 06:00 AM,08/22/2008 07:40 PM,Relationnal problem,,Blocked chair amphitheatre 1,2,Maintenance service,0
180096,03/17/2008 06:18 PM,05/14/2008 10:40 PM,Emergency,,Video projector not working in room 1019,1,Emergency,0
194632,11/05/2008 09:06 AM,02/09/2008 05:49 AM,Technical problem,,Blocked window in room 1014,2,Other,1
165834,11/27/2008 11:03 PM,11/17/2008 07:37 AM,Emergency,,Blocked toilet,1,Maintenance service,1
120599,12/14/2008 10:31 PM,10/20/2008 04:57 AM,Technical problem,,Lift out of order,2,Technicals,0
196921,08/29/2008 07:20 AM,09/17/2008 12:46 PM,other,,Blocked window in room 1014,4,Maintenance service,0
189060,07/15/2008 06:06 PM,11/23/2008 12:39 PM,Emergency,,Discomfort in the hall,2,Technicals,1
155047,12/12/2008 03:08 PM,11/07/2008 10:09 PM,Relationnal problem,,Broken window in room 1025,1,Emergency,1
187054,08/19/2008 12:04 PM,11/02/2008 05:20 PM,Sanitary problem,,Broken window in room 1025,0,Maintenance service,0
154121,06/01/2008 09:56 AM,09/03/2008 03:37 PM,Emergency,,Fire in room 1026,1,Health assistance,1
141954,06/26/2008 03:47 AM,03/30/2008 08:56 AM,Relationnal problem,,Lift out of order,4,Other,0
167989,07/14/2008 02:43 PM,05/04/2008 03:01 AM,Technical problem,,Drunk on campus,3,Health assistance,1
175619,04/20/2008 12:37 PM,05/30/2008 09:45 AM,other,,Discomfort in the hall,4,Other,0
100006,01/20/2008 02:13 PM,03/07/2008 10:44 PM,Technical problem,,Lamp not working on 2nd floor,4,Health assistance,0
122391,05/05/2008 09:15 AM,01/02/2008 09:51 PM,Relationnal problem,,Broken lamp in room 1022,2,Maintenance service,0
102583,06/08/2008 12:47 AM,09/06/2008 03:33 PM,other,,Video projector not working in room 1019,0,Security,0
131693,02/24/2008 05:44 AM,06/07/2008 01:12 AM,other,,Video projector not working in room 1019,0,Emergency,1
172010,07/08/2008 06:51 PM,11/27/2008 10:41 AM,Technical problem,,Blocked chair amphitheatre 1,0,Technicals,1
143450,08/15/2008 02:49 AM,06/15/2008 04:20 AM,Technical problem,,Fire in room 1026,1,Maintenance service,1
110987,08/18/2008 12:23 AM,02/18/2008 06:56 PM,other,,Water leak in 3rd floor toilet,2,Security,1
116184,05/22/2008 05:48 AM,10/19/2008 02:48 AM,Sanitary problem,,Projection screen not working,4,Maintenance service,0
123715,04/22/2008 07:29 AM,08/19/2008 03:53 AM,Technical problem,,Vending machine broken 1st floor,1,Security,0
189518,08/25/2008 12:36 PM,02/23/2008 02:12 AM,Relationnal problem,,Vending machine broken 1st floor,1,Maintenance service,1
147097,04/03/2008 01:00 PM,06/19/2008 09:09 PM,other,,Heating broken in room,1,Security,1
142276,08/24/2008 07:36 AM,03/14/2008 03:07 PM,Emergency,,Drunk on campus,2,Health assistance,0
161915,10/13/2008 09:36 PM,07/26/2008 11:51 PM,Technical problem,,Discomfort in the hall,4,Maintenance service,0
153537,05/21/2008 05:15 AM,05/24/2008 06:38 PM,Relationnal problem,,Blocked chair amphitheatre 1,1,Other,1
162656,09/16/2008 03:54 AM,12/29/2008 02:34 AM,Emergency,,Insalubrious wall 4th floor,3,Technicals,0
159757,10/19/2008 12:19 AM,08/24/2008 09:10 AM,other,,Heating broken in room,4,Maintenance service,1
186354,12/19/2008 12:02 AM,08/16/2008 07:32 PM,Relationnal problem,,Discomfort in the hall,4,Technicals,1
107474,12/15/2008 12:40 AM,11/24/2008 06:36 AM,other,,Harassment between students,0,Technicals,1
158836,09/13/2008 07:03 PM,12/21/2008 11:32 PM,Relationnal problem,,Discomfort in the hall,2,Maintenance service,1
160622,06/25/2008 11:00 PM,03/19/2008 09:32 PM,Emergency,,Projection screen not working,1,Technicals,0
161109,11/16/2008 05:36 PM,07/01/2008 02:50 AM,Technical problem,,Projection screen not working,3,Health assistance,1
191431,09/14/2008 10:14 PM,11/29/2008 11:01 AM,Relationnal problem,,Broken lamp in room 1022,4,Health assistance,0
123255,09/11/2008 11:56 PM,07/31/2008 06:45 AM,Emergency,,Broken lamp in room 1022,3,Security,0
100196,11/06/2008 02:52 PM,09/02/2008 10:50 PM,Technical problem,,Video projector not working in room 1019,1,Security,1
174173,08/21/2008 08:58 AM,09/28/2008 12:49 AM,Emergency,,Fire in room 1026,3,Other,1
100870,08/17/2008 11:32 AM,10/12/2008 03:18 AM,Technical problem,,Lift out of order,1,Other,0
153660,11/17/2008 09:24 PM,06/08/2008 12:35 PM,Emergency,,Projection screen not working,4,Emergency,0
133934,11/13/2008 12:14 AM,12/14/2008 06:33 AM,other,,Blocked toilet,1,Emergency,0
116757,05/23/2008 05:13 AM,03/15/2008 04:06 AM,Technical problem,,Broken window in room 1025,0,Technicals,0
131113,08/22/2008 07:22 PM,06/13/2008 06:35 PM,Technical problem,,Computer not working in room 2012,1,Emergency,1
145772,03/03/2008 07:30 AM,01/04/2008 11:41 PM,other,,Lamp not working on 2nd floor,2,Security,0
147803,12/04/2008 06:55 AM,08/19/2008 05:06 AM,Relationnal problem,,Water leak in 3rd floor toilet,3,Health assistance,1
120386,02/15/2008 06:39 AM,12/21/2008 01:03 AM,Technical problem,,Mask not worn 1st floor,3,Emergency,0
120559,01/06/2008 02:32 AM,11/04/2008 09:37 PM,Relationnal problem,,Video projector not working in room 1019,0,Maintenance service,0
161486,06/12/2008 02:08 AM,02/27/2008 06:14 AM,Sanitary problem,,Drunk on campus,2,Maintenance service,0
120786,09/04/2008 04:40 AM,10/25/2008 04:37 PM,Relationnal problem,,Broken window in room 1025,2,Other,1
158061,02/08/2008 08:52 PM,06/26/2008 09:36 PM,Relationnal problem,,Harassment between students,2,Technicals,0
102868,01/31/2008 09:13 PM,10/30/2008 11:13 PM,Relationnal problem,,Harassment between students,0,Health assistance,0
135316,09/24/2008 12:33 AM,02/01/2008 08:14 PM,Sanitary problem,,Overturned rubbish bin,2,Security,0
110874,04/27/2008 03:37 PM,01/27/2008 12:43 PM,Emergency,,Blocked toilet,1,Other,0
140307,02/28/2008 12:12 PM,01/12/2008 11:05 AM,Sanitary problem,,Projection screen not working,1,Maintenance service,0
128271,12/03/2008 04:20 PM,08/09/2008 06:03 AM,Emergency,,Blocked chair amphitheatre 1,4,Maintenance service,1
115265,05/25/2008 12:11 PM,08/20/2008 06:22 PM,Technical problem,,Rideau blocked at the hall 2009,0,Health assistance,1
182617,12/09/2008 10:26 AM,05/04/2008 04:23 AM,Emergency,,Water leak in 3rd floor toilet,4,Maintenance service,0
170927,04/16/2008 06:39 PM,06/30/2008 09:08 PM,Sanitary problem,,Heating broken in room,3,Health assistance,1
160568,03/26/2008 11:03 AM,06/15/2008 02:37 PM,other,,Insalubrious wall 4th floor,4,Health assistance,0
148716,10/26/2008 07:45 PM,10/16/2008 01:34 AM,Sanitary problem,,Projection screen not working,2,Security,1
179720,01/01/2008 05:12 PM,12/17/2008 07:40 PM,other,,Drunk on campus,2,Security,1
152716,09/27/2008 12:56 AM,11/30/2008 01:41 AM,Emergency,,Computer not working in room 2012,1,Emergency,0
163115,09/23/2008 01:34 AM,08/10/2008 12:03 AM,Sanitary problem,,Drunk on campus,4,Emergency,1
192433,01/05/2008 10:32 PM,07/11/2008 05:57 PM,Relationnal problem,,Blocked chair amphitheatre 1,1,Health assistance,1
189964,10/23/2008 04:16 AM,01/19/2008 08:05 AM,Technical problem,,Lift out of order,2,Security,1
104918,12/19/2008 12:49 PM,10/30/2008 05:18 PM,Technical problem,,Discomfort in the hall,4,Other,1
163551,04/13/2008 08:14 PM,01/23/2008 12:41 AM,Sanitary problem,,Computer not working in room 2012,4,Maintenance service,0
145881,12/21/2008 03:20 PM,09/15/2008 12:34 PM,Sanitary problem,,Projection screen not working,0,Health assistance,0
166095,06/23/2008 01:22 PM,02/01/2008 02:09 AM,Sanitary problem,,Blocked toilet,4,Other,1
126393,02/06/2008 07:44 AM,02/05/2008 08:32 PM,Relationnal problem,,Computer not working in room 2012,2,Other,0
129933,07/27/2008 12:56 PM,03/08/2008 06:48 PM,Technical problem,,Harassment between students,1,Emergency,0
128760,02/05/2008 09:15 PM,08/24/2008 07:42 PM,Technical problem,,Door stuck in room 2021,3,Technicals,1
153183,03/06/2008 07:38 PM,12/09/2008 11:17 AM,Technical problem,,Drunk on campus,2,Emergency,0
149770,05/26/2008 06:45 AM,05/24/2008 08:08 AM,Sanitary problem,,Rideau blocked at the hall 2009,4,Emergency,1
131678,02/27/2008 07:57 AM,03/27/2008 07:05 AM,other,,Overturned rubbish bin,4,Other,1
100404,01/10/2008 11:41 PM,06/21/2008 04:41 AM,Relationnal problem,,Fire in room 1026,0,Maintenance service,0
107297,05/19/2008 08:00 AM,11/07/2008 12:59 PM,other,,Mask not worn 1st floor,1,Maintenance service,0
122564,11/16/2008 04:50 AM,04/09/2008 11:08 AM,Sanitary problem,,Video projector not working in room 1019,4,Emergency,0
112489,11/12/2008 01:53 PM,10/06/2008 08:25 PM,other,,Vending machine broken 1st floor,4,Maintenance service,1
171980,09/02/2008 06:39 PM,09/01/2008 03:05 PM,Technical problem,,Broken lamp in room 1022,2,Technicals,1
148660,01/15/2008 12:56 PM,05/22/2008 07:46 AM,Emergency,,Projection screen not working,1,Security,1
192642,02/26/2008 09:03 PM,09/05/2008 12:45 AM,Technical problem,,Video projector not working in room 1019,0,Other,0
189190,12/14/2008 04:40 AM,09/10/2008 04:07 AM,Emergency,,Student stumbles on stairs,2,Emergency,1
147462,03/07/2008 11:12 PM,02/13/2008 06:03 AM,Sanitary problem,,Computer not working in room 2012,0,Emergency,0
173012,03/04/2008 04:41 PM,06/01/2008 09:50 PM,Technical problem,,Fight in rooftoop,1,Health assistance,0
139009,07/14/2008 11:30 AM,07/19/2008 01:54 AM,other,,Door stuck in room 2021,3,Maintenance service,0
149678,06/08/2008 04:06 PM,09/17/2008 03:47 PM,Relationnal problem,,Nose bleed,0,Other,1
175262,05/10/2008 04:33 PM,08/27/2008 06:49 AM,Sanitary problem,,Fight in rooftoop,0,Health assistance,0
162293,11/26/2008 02:35 PM,11/11/2008 06:48 AM,Relationnal problem,,Blocked toilet,2,Other,1
124496,05/16/2008 07:33 AM,06/29/2008 07:18 AM,Relationnal problem,,Drunk on campus,1,Security,1
179955,04/22/2008 12:17 AM,03/28/2008 10:52 AM,Sanitary problem,,Broken window in room 1025,1,Other,1
101456,09/05/2008 12:32 PM,12/08/2008 12:07 PM,other,,Projection screen not working,2,Emergency,0
133718,05/22/2008 02:13 AM,07/05/2008 06:43 PM,Relationnal problem,,Broken window in room 1025,4,Maintenance service,0
166925,04/07/2008 11:46 AM,03/21/2008 08:22 PM,Sanitary problem,,Broken window in room 1025,3,Other,1
157390,05/30/2008 04:35 AM,04/13/2008 01:51 AM,Sanitary problem,,Lamp not working on 2nd floor,3,Emergency,0
184819,06/06/2008 03:14 AM,09/03/2008 11:07 AM,other,,Projection screen not working,0,Health assistance,0
194169,01/01/2008 10:47 PM,12/01/2008 09:37 PM,Technical problem,,Computer not working in room 2012,4,Maintenance service,1
108020,07/25/2008 01:09 PM,06/08/2008 08:54 PM,Relationnal problem,,Door stuck in room 2021,0,Health assistance,1
104232,05/07/2008 04:24 PM,04/22/2008 11:10 PM,Sanitary problem,,Blocked window in room 1014,1,Technicals,0
174530,01/07/2008 11:36 PM,04/07/2008 05:39 PM,Technical problem,,Heating broken in room,4,Emergency,1
173763,01/30/2008 04:22 PM,07/05/2008 03:11 PM,Relationnal problem,,Discomfort in the hall,0,Health assistance,0
104938,04/22/2008 07:53 AM,07/11/2008 09:02 AM,Relationnal problem,,Insalubrious wall 4th floor,1,Maintenance service,0
152889,07/23/2008 08:32 AM,10/31/2008 05:49 PM,other,,Blocked chair amphitheatre 1,3,Maintenance service,1
120112,02/14/2008 07:49 AM,08/15/2008 12:09 PM,Technical problem,,Broken lamp in room 1022,0,Security,0
125239,03/26/2008 06:57 AM,01/30/2008 10:35 PM,Sanitary problem,,Blocked toilet,4,Maintenance service,0
151508,09/04/2008 04:54 PM,12/05/2008 04:33 AM,Technical problem,,Heating broken in room,0,Maintenance service,1
115116,08/20/2008 12:58 AM,08/05/2008 10:53 PM,other,,Fight in rooftoop,0,Security,0
131110,03/24/2008 03:37 PM,04/25/2008 12:03 AM,Sanitary problem,,Projection screen not working,2,Technicals,0
163346,01/24/2008 06:12 AM,06/20/2008 06:43 PM,other,,Heating broken in room,1,Technicals,1
130828,10/15/2008 11:18 AM,01/31/2008 07:22 PM,Technical problem,,Blocked toilet,1,Health assistance,0
163645,03/05/2008 06:36 PM,11/19/2008 12:11 PM,Technical problem,,Broken window in room 1025,1,Security,1
181736,12/09/2008 04:55 AM,06/25/2008 04:39 AM,Emergency,,Fire in room 1026,1,Other,0
153372,08/09/2008 04:49 AM,07/22/2008 05:29 AM,Technical problem,,Nose bleed,4,Emergency,0
187243,02/06/2008 04:10 PM,02/28/2008 12:01 PM,Technical problem,,Blocked window in room 1014,3,Health assistance,1
162174,11/19/2008 07:19 AM,04/01/2008 08:09 PM,Sanitary problem,,Broken window in room 1025,4,Maintenance service,0
151626,07/15/2008 07:18 PM,05/23/2008 03:49 AM,Sanitary problem,,Blocked chair amphitheatre 1,0,Health assistance,0
116559,12/13/2008 03:10 PM,05/03/2008 05:51 PM,Relationnal problem,,Heating broken in room,3,Emergency,0
162740,05/28/2008 12:24 PM,04/10/2008 02:27 PM,Sanitary problem,,Student stumbles on stairs,2,Other,1
116975,12/14/2008 06:29 PM,07/08/2008 08:34 AM,Relationnal problem,,Video projector not working in room 1019,0,Maintenance service,0
152934,12/18/2008 03:11 PM,07/11/2008 10:39 AM,other,,Blocked chair amphitheatre 1,3,Technicals,0
154448,08/10/2008 01:57 PM,11/21/2008 07:55 AM,other,,Lift out of order,0,Emergency,1
180838,02/14/2008 12:04 PM,04/30/2008 04:35 PM,Relationnal problem,,Overturned rubbish bin,3,Other,0
138785,07/02/2008 05:01 AM,11/24/2008 11:42 AM,Emergency,,Lift out of order,4,Emergency,1
181471,08/17/2008 12:26 PM,10/18/2008 07:20 PM,Sanitary problem,,Lamp not working on 2nd floor,3,Technicals,0
199307,07/25/2008 06:53 AM,04/07/2008 04:04 PM,other,,Door stuck in room 2021,1,Health assistance,1
187753,10/10/2008 07:25 AM,12/17/2008 11:38 AM,Sanitary problem,,Lamp not working on 2nd floor,4,Other,1
138045,01/21/2008 12:29 PM,08/04/2008 08:14 AM,Relationnal problem,,Fight in rooftoop,2,Security,0
138472,09/18/2008 10:29 PM,12/10/2008 03:44 PM,Sanitary problem,,Broken window in room 1025,1,Maintenance service,1
159971,01/01/2008 05:31 PM,11/13/2008 04:00 PM,Emergency,,Rideau blocked at the hall 2009,0,Technicals,0
181664,03/19/2008 11:01 AM,05/25/2008 03:57 PM,other,,Blocked window in room 1014,3,Technicals,1
133532,04/26/2008 08:05 PM,02/16/2008 06:48 AM,Sanitary problem,,Water leak in 3rd floor toilet,0,Other,0
103123,08/06/2008 07:07 AM,10/06/2008 03:41 AM,other,,Fight in rooftoop,4,Emergency,0
165945,10/08/2008 11:02 PM,12/25/2008 08:56 PM,other,,Water leak in 3rd floor toilet,4,Technicals,1
175374,10/13/2008 06:53 AM,05/17/2008 01:41 PM,other,,Overturned rubbish bin,1,Other,0
149534,10/13/2008 02:02 PM,12/03/2008 11:14 AM,Technical problem,,Harassment between students,3,Other,0
102943,04/25/2008 02:57 AM,05/14/2008 11:50 PM,Technical problem,,Door stuck in room 2021,4,Other,1
141836,06/30/2008 07:00 PM,11/13/2008 06:00 PM,Technical problem,,Student stumbles on stairs,2,Other,1
157261,09/29/2008 05:40 PM,02/12/2008 06:40 AM,Technical problem,,Blocked chair amphitheatre 1,3,Maintenance service,0
145169,11/03/2008 04:27 AM,02/05/2008 11:39 AM,Relationnal problem,,Discomfort in the hall,3,Technicals,1
167399,12/30/2008 10:30 AM,02/02/2008 05:46 PM,Emergency,,Mask not worn 1st floor,3,Maintenance service,0
161177,05/29/2008 03:49 PM,05/26/2008 04:18 PM,Emergency,,Blocked chair amphitheatre 1,1,Emergency,0
143400,05/04/2008 01:41 PM,04/19/2008 01:05 AM,other,,Lift out of order,2,Other,0
103292,02/09/2008 02:13 AM,06/21/2008 11:40 PM,Sanitary problem,,Lamp not working on 2nd floor,0,Health assistance,1
144836,01/13/2008 03:02 AM,04/22/2008 12:48 PM,Emergency,,Video projector not working in room 1019,2,Technicals,1
189479,08/30/2008 05:35 PM,03/18/2008 07:11 AM,Technical problem,,Nose bleed,4,Security,1
161092,08/20/2008 08:54 PM,01/31/2008 09:18 AM,Sanitary problem,,Student stumbles on stairs,3,Security,0
154944,04/06/2008 06:41 PM,08/01/2008 11:12 AM,Relationnal problem,,Computer not working in room 2012,4,Security,0
193269,03/30/2008 08:41 PM,03/14/2008 02:01 PM,other,,Water leak in 3rd floor toilet,1,Maintenance service,0
154531,01/19/2008 12:20 PM,02/15/2008 08:34 PM,Technical problem,,Computer not working in room 2012,4,Emergency,0
117593,09/17/2008 02:47 AM,03/30/2008 10:35 PM,Relationnal problem,,Vending machine broken 1st floor,3,Emergency,0
100760,11/02/2008 10:04 PM,07/20/2008 10:46 PM,Relationnal problem,,Student stumbles on stairs,2,Security,1
137477,12/12/2008 06:17 PM,03/22/2008 08:00 PM,Emergency,,Water leak in 3rd floor toilet,3,Security,0
160813,04/17/2008 04:01 PM,02/07/2008 10:43 AM,other,,Mask not worn 1st floor,2,Maintenance service,1
173297,04/14/2008 01:22 PM,10/19/2008 09:51 PM,other,,Insalubrious wall 4th floor,3,Health assistance,1
107682,12/03/2008 05:50 PM,11/05/2008 07:28 PM,other,,Insalubrious wall 4th floor,4,Other,0
188261,05/13/2008 02:35 AM,06/17/2008 03:45 PM,Sanitary problem,,Blocked chair amphitheatre 1,1,Health assistance,0
189903,03/18/2008 07:49 AM,09/08/2008 03:49 PM,Relationnal problem,,Lamp not working on 2nd floor,0,Security,0
157941,05/18/2008 10:12 PM,11/14/2008 09:34 PM,Technical problem,,Discomfort in the hall,4,Emergency,0
133014,04/21/2008 12:38 AM,10/08/2008 05:19 PM,Technical problem,,Heating broken in room,1,Maintenance service,0
196996,03/11/2008 03:05 PM,05/06/2008 04:41 AM,other,,Mask not worn 1st floor,2,Security,1
190458,11/12/2008 09:47 AM,11/03/2008 10:05 AM,Relationnal problem,,Overturned rubbish bin,1,Maintenance service,1
195427,07/25/2008 04:40 AM,12/13/2008 04:50 AM,other,,Mask not worn 1st floor,4,Other,1
170840,12/14/2008 03:51 AM,08/08/2008 02:01 PM,other,,Harassment between students,1,Maintenance service,0
155039,01/07/2008 09:16 PM,09/16/2008 03:28 PM,Relationnal problem,,Mask not worn 1st floor,2,Technicals,0
183993,03/13/2008 05:28 AM,11/08/2008 02:17 PM,Emergency,,Nose bleed,4,Emergency,0
128587,09/26/2008 08:38 PM,03/14/2008 12:14 AM,Relationnal problem,,Blocked window in room 1014,4,Emergency,0
148908,09/28/2008 08:58 PM,07/12/2008 10:29 AM,Relationnal problem,,Projection screen not working,4,Emergency,0
162220,03/28/2008 09:27 AM,07/05/2008 08:45 AM,Sanitary problem,,Student stumbles on stairs,4,Security,1
121490,11/27/2008 10:18 AM,09/24/2008 04:25 PM,Technical problem,,Computer not working in room 2012,2,Emergency,0
122242,06/26/2008 04:20 PM,05/03/2008 11:48 AM,Emergency,,Overturned rubbish bin,4,Health assistance,0
140255,01/29/2008 08:26 PM,02/27/2008 05:17 PM,other,,Lamp not working on 2nd floor,4,Security,1
141578,04/25/2008 06:32 PM,06/19/2008 06:53 AM,Sanitary problem,,Rideau blocked at the hall 2009,1,Maintenance service,1
144829,01/05/2008 04:40 PM,03/11/2008 12:41 AM,other,,Blocked toilet,4,Emergency,0
102759,03/18/2008 01:20 PM,02/02/2008 07:06 AM,other,,Blocked toilet,0,Health assistance,1
117268,10/31/2008 05:11 AM,03/01/2008 09:28 AM,Relationnal problem,,Drunk on campus,0,Technicals,0
199355,03/02/2008 08:37 AM,07/28/2008 01:18 PM,other,,Vending machine broken 1st floor,3,Emergency,1
160814,03/22/2008 01:57 PM,12/17/2008 05:56 PM,Relationnal problem,,Blocked window in room 1014,2,Security,1
172544,11/30/2008 12:11 PM,06/03/2008 07:01 AM,other,,Blocked toilet,1,Security,0
175848,01/09/2008 12:01 PM,06/29/2008 09:31 PM,Technical problem,,Lamp not working on 2nd floor,1,Maintenance service,0
142990,07/30/2008 04:35 AM,12/31/2008 03:52 AM,Sanitary problem,,Broken window in room 1025,0,Security,1
177984,07/27/2008 09:39 AM,06/21/2008 07:04 AM,Technical problem,,Projection screen not working,3,Health assistance,1
128082,11/17/2008 12:43 PM,09/27/2008 11:50 AM,Technical problem,,Lamp not working on 2nd floor,0,Emergency,0
193443,10/08/2008 02:29 PM,12/29/2008 07:38 AM,other,,Nose bleed,4,Other,0
195594,12/20/2008 01:42 AM,11/04/2008 01:40 PM,Relationnal problem,,Drunk on campus,2,Maintenance service,1
151112,09/24/2008 05:53 AM,02/05/2008 08:33 AM,Sanitary problem,,Harassment between students,0,Maintenance service,1
187026,07/05/2008 06:00 AM,02/04/2008 05:50 AM,Emergency,,Discomfort in the hall,0,Technicals,1
179477,03/12/2008 06:18 PM,11/13/2008 04:54 AM,Relationnal problem,,Blocked chair amphitheatre 1,4,Maintenance service,1
198882,05/26/2008 12:22 AM,06/13/2008 09:29 AM,Sanitary problem,,Blocked toilet,4,Emergency,0
194833,03/03/2008 03:11 PM,04/30/2008 05:00 AM,Relationnal problem,,Broken lamp in room 1022,4,Health assistance,1
117863,02/20/2008 07:48 AM,02/01/2008 10:40 PM,other,,Blocked window in room 1014,3,Technicals,1
184780,01/04/2008 12:44 PM,10/27/2008 09:45 PM,Sanitary problem,,Rideau blocked at the hall 2009,0,Maintenance service,0
137419,02/03/2008 07:21 AM,10/27/2008 12:21 AM,Relationnal problem,,Heating broken in room,2,Emergency,0
171881,02/24/2008 04:49 PM,12/09/2008 04:16 PM,Sanitary problem,,Broken window in room 1025,0,Maintenance service,0
125140,07/05/2008 03:56 AM,09/08/2008 05:09 PM,Sanitary problem,,Blocked toilet,3,Health assistance,1
169342,11/20/2008 04:42 PM,05/25/2008 08:47 AM,Technical problem,,Blocked chair amphitheatre 1,3,Technicals,0
188708,09/22/2008 10:17 PM,09/11/2008 03:27 AM,Emergency,,Water leak in 3rd floor toilet,3,Health assistance,0
174050,07/13/2008 12:07 AM,05/06/2008 10:28 AM,Sanitary problem,,Discomfort in the hall,2,Security,0
134413,09/07/2008 02:51 PM,11/14/2008 10:44 PM,Technical problem,,Overturned rubbish bin,3,Security,1
146516,09/29/2008 02:16 AM,05/02/2008 01:25 AM,Technical problem,,Student stumbles on stairs,3,Maintenance service,1
185648,06/28/2008 09:40 PM,07/18/2008 01:42 AM,Sanitary problem,,Blocked chair amphitheatre 1,2,Maintenance service,0
157654,01/05/2008 07:21 AM,12/17/2008 12:23 AM,other,,Broken lamp in room 1022,0,Health assistance,0
195733,12/31/2008 06:52 PM,09/21/2008 07:16 PM,Technical problem,,Lamp not working on 2nd floor,0,Technicals,0
175175,11/11/2008 07:00 AM,03/22/2008 11:57 PM,Relationnal problem,,Blocked window in room 1014,3,Maintenance service,0
199145,01/08/2008 12:21 PM,02/06/2008 03:15 PM,Emergency,,Harassment between students,2,Health assistance,1
154104,11/16/2008 02:56 AM,03/29/2008 11:08 PM,Sanitary problem,,Lamp not working on 2nd floor,2,Maintenance service,0
179243,05/16/2008 12:32 PM,12/05/2008 06:27 PM,Sanitary problem,,Blocked window in room 1014,3,Emergency,0
165156,11/26/2008 12:06 PM,10/05/2008 01:36 PM,Technical problem,,Drunk on campus,4,Security,0
108747,06/21/2008 12:41 PM,10/24/2008 11:40 AM,Emergency,,Heating broken in room,3,Technicals,0
117304,04/09/2008 08:49 AM,01/05/2008 03:02 AM,Technical problem,,Fight in rooftoop,2,Other,1
103559,08/28/2008 02:48 PM,06/16/2008 06:35 AM,Sanitary problem,,Blocked toilet,3,Health assistance,0
181319,03/25/2008 04:25 PM,09/10/2008 05:31 PM,other,,Rideau blocked at the hall 2009,1,Health assistance,1
163712,10/25/2008 09:22 AM,01/18/2008 12:34 AM,other,,Student stumbles on stairs,4,Health assistance,0
195785,12/29/2008 06:20 AM,11/13/2008 05:35 PM,Emergency,,Blocked toilet,3,Technicals,1
135539,08/09/2008 10:07 AM,11/02/2008 01:10 AM,Sanitary problem,,Harassment between students,3,Health assistance,0
197112,03/15/2008 02:56 PM,08/22/2008 09:17 AM,Sanitary problem,,Lift out of order,3,Security,0
196018,05/02/2008 03:31 PM,03/11/2008 02:58 AM,Technical problem,,Drunk on campus,4,Other,1
173657,06/03/2008 06:04 AM,02/15/2008 09:04 PM,Sanitary problem,,Door stuck in room 2021,0,Health assistance,1
172808,06/26/2008 05:20 PM,04/26/2008 02:28 AM,Relationnal problem,,Blocked toilet,2,Maintenance service,0
188734,09/10/2008 07:42 PM,05/26/2008 02:41 AM,Emergency,,Blocked chair amphitheatre 1,4,Maintenance service,1
194989,07/09/2008 05:15 PM,10/07/2008 12:18 AM,other,,Lift out of order,1,Maintenance service,0
183939,11/04/2008 11:32 AM,12/01/2008 02:10 PM,other,,Projection screen not working,2,Technicals,1
187541,10/21/2008 09:10 AM,12/24/2008 10:01 AM,Relationnal problem,,Discomfort in the hall,3,Technicals,1
185351,02/04/2008 05:20 PM,11/10/2008 07:07 PM,Relationnal problem,,Blocked window in room 1014,4,Health assistance,1
120464,09/04/2008 03:23 PM,12/24/2008 05:24 AM,Relationnal problem,,Fight in rooftoop,3,Emergency,1
170217,08/09/2008 08:19 PM,11/21/2008 03:34 PM,Emergency,,Water leak in 3rd floor toilet,3,Maintenance service,0
141204,08/17/2008 11:25 PM,05/26/2008 03:24 AM,Technical problem,,Nose bleed,0,Health assistance,1
159641,04/04/2008 09:11 PM,02/13/2008 04:08 PM,Relationnal problem,,Harassment between students,2,Emergency,1
158550,03/30/2008 05:26 PM,08/26/2008 08:50 PM,other,,Nose bleed,1,Security,0
116598,10/28/2008 07:42 PM,05/07/2008 09:22 PM,Technical problem,,Heating broken in room,3,Technicals,0
184155,03/17/2008 09:34 AM,05/12/2008 10:24 PM,other,,Video projector not working in room 1019,0,Maintenance service,0
142337,07/03/2008 12:47 PM,07/02/2008 02:03 PM,Relationnal problem,,Student stumbles on stairs,2,Technicals,1
142545,07/23/2008 10:56 AM,04/07/2008 12:56 PM,other,,Water leak in 3rd floor toilet,1,Security,0
195385,11/21/2008 09:25 AM,08/18/2008 08:39 PM,Emergency,,Insalubrious wall 4th floor,0,Health assistance,1
165493,10/09/2008 11:11 PM,09/17/2008 09:03 PM,Technical problem,,Water leak in 3rd floor toilet,1,Maintenance service,1
112639,04/19/2008 08:47 AM,03/04/2008 09:38 PM,Sanitary problem,,Fight in rooftoop,2,Other,1
148116,09/30/2008 07:32 PM,12/23/2008 04:16 PM,Emergency,,Harassment between students,4,Security,1
108438,02/29/2008 10:14 AM,02/16/2008 08:07 AM,Relationnal problem,,Heating broken in room,4,Maintenance service,1
141332,11/14/2008 02:37 AM,04/03/2008 02:47 AM,Emergency,,Mask not worn 1st floor,2,Health assistance,0
128804,06/27/2008 02:11 PM,08/09/2008 01:16 PM,Sanitary problem,,Lift out of order,4,Technicals,0
111180,12/22/2008 07:53 AM,08/24/2008 05:25 PM,Emergency,,Harassment between students,1,Emergency,0
