id,firstname,lastname,mobileNumber,mail,password,modelVoiture,matriculeNumber,cin
T0,Dhia,Caïd Essebsi,22587600,iSMgZou@gmail.com,vnqbedva,peugeot 308,143Tunisie23465,18843332
T1,mohamed,Brahim,29141585,YCPaFAw@gmail.com,geewqdet,peugeot 301,158Tunisie51706,16836001
T2,claudio,Cacoub,25957391,ZBGsSFr@gmail.com,rmecajes,peugeot 208,210Tunisie67324,18564777
T3,adem,Caïd Essebsi,27013539,oWaEQEd@gmail.com,hqxbfjsl,Golf 5,189Tunisie32879,16028837
T4,aziz,Azzabi,28016511,DiYAIyb@gmail.com,itewyijb,Polo 6,129Tunisie17511,13443114
T5,wahid,Trabelsi,20202827,ojgeVup@gmail.com,bmdrxhde,Fiat punto,181Tunisie9185,18618033
T6,oussama,Bensoussan,24826159,shkdaZo@gmail.com,lezqvwho,peugeot 208,152Tunisie34657,10424011
T7,adem,Bouhageb,29064602,axFATxV@gmail.com,zbtojbtr,peugeot 301,139Tunisie83309,16647306
T8,amir,Bouazizi,25847869,qmrfDOS@gmail.com,jaterenh,Fiat punto,134Tunisie8177,11637192
T9,Saleh,Ben Ammar,26756659,pfezvhi@gmail.com,eomwqqbu,Jetta,213Tunisie817,15121792
T10,Karim,Benhenia,22266971,WgkHpOT@gmail.com,jsefnjak,Polo 6,164Tunisie57074,10662253
T11,yasin,Ben Achour,29530152,eWtNgOH@gmail.com,mlierklw,peugeot 301,201Tunisie92220,11947817
T12,Walid,Boujenah,24040676,KttPQVj@gmail.com,rrapqjhn,Jetta,121Tunisie75644,18007848
T13,sameh,Charfi,27444996,ARkPAgs@gmail.com,xzqvwxpq,Jetta,191Tunisie20042,14063020
T14,Fares,Bouhageb,27045911,lxtxfOY@gmail.com,kgquhmlt,Polo 6,128Tunisie71501,17534687
T15,Montassar,Cheikhrouhou,26029181,BzRPjBx@gmail.com,kzbxyvgw,Golf 5,127Tunisie61276,17242851
T16,Montassar,Charfi,23916804,HbGoEku@gmail.com,ltrzbzej,Fiat punto,188Tunisie22887,13055238
T17,Hafsi,Bouazizi,29914207,NpiMUNR@gmail.com,fdbhtfaz,Fiat punto,166Tunisie47408,18085441
T18,adem,Bessis,25436364,PsufFFq@gmail.com,ommuwhjc,Fiat punto,199Tunisie13703,16740722
T19,soufiane,Azzabi,24083307,dlYPctm@gmail.com,ptrprgwp,Jetta,170Tunisie36109,15770173
T20,yasin,Bensoussan,21298750,nsndwtm@gmail.com,iluyjrhw,citroen elysee,132Tunisie82523,14410671
T21,Fares,Trabelsi,22730519,SkbbGtw@gmail.com,bxdvjxqf,peugeot 208,154Tunisie68026,16283544
T22,anas,Ben Ammar,23317492,ueZPpoH@gmail.com,tfnesoqo,peugeot 208,123Tunisie43292,16786951
T23,Firas,Ayed,28165372,PWwKfrJ@gmail.com,loaorvfg,peugeot 308,180Tunisie24964,17871013
T24,soufiane,Ben Slama,29551696,qmtZzPJ@gmail.com,phubiitb,Golf 5,176Tunisie21441,11834558
T25,Habib,Ben Ayed,24235846,OErSIEQ@gmail.com,zvfnjoxo,skoda ,145Tunisie69157,17515170
T26,hakim,Djaoui,25098797,FSBKQqa@gmail.com,xmaiqfxg,Jetta,158Tunisie5803,16089717
T27,chokri,Bouhageb,23738631,ephmaHV@gmail.com,lqyexako,peugeot 301,166Tunisie1081,12559832
T28,ilyes,Ben M’Barek,20973185,pQnFZmy@gmail.com,ibdbvewh,Fiat punto,190Tunisie82852,16767002
T29,Karim,Cacoub,20270396,pOwTEgl@gmail.com,hrqxgptr,skoda ,185Tunisie18051,19142543
T30,Saleh,Cacoub,24454633,OFsmrBO@gmail.com,pqhpunfv,peugeot 308,192Tunisie40892,13882877
T31,aymen,Ayed,22561627,PzQqiJd@gmail.com,ujhjtzeg,Fiat punto,164Tunisie91065,10514023
T32,mongi,Ben Slama,27957581,bVcTHxZ@gmail.com,nafmtrrk,peugeot 308,128Tunisie79134,15949584
T33,adem,Cheikhrouhou,29687959,DXqyDNQ@gmail.com,ftjmqpji,Fiat punto,174Tunisie58156,14706387
T34,adem,Bessis,23392934,clmuFPn@gmail.com,dcqhqsim,peugeot 308,128Tunisie84947,19189485
T35,maamoun,Charfi,26122861,KgNSgjo@gmail.com,sezbnsbu,Jetta,137Tunisie42073,17915561
T36,atef,Charfi,20287038,xFexsxG@gmail.com,piffftqm,Polo 6,191Tunisie93966,16893406
T37,selim,Trabelsi,29122977,tlOYIpo@gmail.com,cxwjhhga,peugeot 308,135Tunisie6972,15423909
T38,sabeur,Trabelsi,29228573,EQwOdIP@gmail.com,eljpssvl,Polo 6,158Tunisie1864,11476358
T39,sabeur,Cheikhrouhou,25463585,MsZobOe@gmail.com,wandezrm,citroen elysee,136Tunisie67056,15512846
T40,soufiane,Cheikhrouhou,22910716,XgJTEDc@gmail.com,hdksmblu,Golf 5,210Tunisie68761,13883208
T41,fourat,Brahim,29029481,vRvohok@gmail.com,zftyyrjq,Hyundai grandi10,210Tunisie44001,10438336
T42,khaled,Ben Ayed,22185997,HsMBYey@gmail.com,flwnbqiq,peugeot 308,165Tunisie24567,17963301
T43,Saleh,Brahim,24463013,HVJLeRh@gmail.com,ogetrpdx,Polo 6,149Tunisie36952,11288976
T44,Walid,Cacoub,23740806,jMjaQGm@gmail.com,rrwfwcuv,skoda ,130Tunisie79604,16398207
T45,Habib,Ben M’Barek,23250936,xJBRHHT@gmail.com,oeafkmlv,Hyundai grandi10,202Tunisie99708,19770484
T46,anas,Ben Slama,25417736,ZaGCJSW@gmail.com,iqjyydui,Hyundai grandi10,150Tunisie91426,14293824
T47,hazem,Ennaifer,26714403,tmdSoWb@gmail.com,yrqgjjhp,citroen elysee,161Tunisie60871,17338370
T48,Karim,Djaït,25431514,TClmTRq@gmail.com,cpkbgxfy,peugeot 308,173Tunisie96917,13775520
T49,adem,Djaït,28765855,abHzBhN@gmail.com,lwfozuby,Golf 5,147Tunisie37864,13886272
T50,sami,Boujenah,29302767,FHwFKKJ@gmail.com,mnmnwdvb,peugeot 308,133Tunisie8156,14511853
T51,claudio,Ayed,26757623,DllZGTn@gmail.com,bxcuumqu,Polo 6,212Tunisie78249,16506007
T52,Amine,Ayed,28818767,TyaJaRE@gmail.com,xestqucv,Golf 5,130Tunisie57933,10961044
T53,claudio,Charfi,21201374,DmxoczG@gmail.com,ulgtlkcm,peugeot 208,129Tunisie63081,13307729
T54,adem,Djaït,20757293,GibKRWu@gmail.com,hnufibpw,skoda ,161Tunisie77385,10987608
T55,mongi,Bouhageb,28642311,oFZXrAT@gmail.com,tmpkkyfc,Golf 5,170Tunisie96726,11803114
T56,omar,Ben Achour,28632630,ZReqnoq@gmail.com,fygecqvi,peugeot 208,202Tunisie73057,19529843
T57,ahmed,Cacoub,25405065,hjmTRyV@gmail.com,rpusvvco,peugeot 208,153Tunisie84143,16103550
T58,claudio,Cheikhrouhou,28911202,EWZSrBY@gmail.com,nrxtccwf,skoda ,145Tunisie73939,13289338
T59,atef,Abbassi,26671774,ZlSWnIg@gmail.com,iumtvxad,Polo 6,140Tunisie75025,11359175
T60,adem,Djaoui,26679987,VyRxVeD@gmail.com,uifxhtpc,Fiat punto,207Tunisie91206,13192547
T61,Fares,Bouhageb,27634956,JaITYsf@gmail.com,pphstxmv,Hyundai grandi10,210Tunisie94284,14835767
T62,chokri,Bouazizi,25721113,pjtaVdt@gmail.com,aobowgaq,peugeot 208,131Tunisie69221,13471425
T63,Dhia,Brahim,29564316,DjYkDzG@gmail.com,sjtytupw,citroen elysee,155Tunisie81325,14797442
T64,wahid,Benhenia,20214643,mktWzQK@gmail.com,jdvjqhqj,peugeot 301,125Tunisie72097,15571893
T65,Hafsi,Azzabi,28248645,GojpWmv@gmail.com,oyyopevh,peugeot 301,143Tunisie95010,14818387
T66,ahmed,Djellouli,25186313,xMGuzPY@gmail.com,iekbypcw,Polo 6,182Tunisie85699,11934982
T67,claudio,Trabelsi,29245963,cZLekbR@gmail.com,xuudauxz,skoda ,171Tunisie62441,14303326
T68,sami,Ayed,28646564,erIvbFS@gmail.com,nvdbzlpr,peugeot 208,153Tunisie36039,11967866
T69,adem,Cheikhrouhou,28218822,NDTKuwd@gmail.com,xuihgnpf,Golf 5,195Tunisie15235,10591550
T70,Saleh,Cheikhrouhou,21567010,KVVLjyk@gmail.com,ogqhglwx,citroen elysee,188Tunisie42611,19775963
T71,Habib,Brahim,27530345,mUEniTb@gmail.com,rhjxawca,peugeot 208,144Tunisie68590,13296770
T72,chokri,Boujenah,21554670,qvQXGOI@gmail.com,jlceuuce,peugeot 208,160Tunisie24338,12686363
T73,Dhia,Ayed,24254577,gmBXLKt@gmail.com,bwwljscn,citroen elysee,150Tunisie7778,12324720
T74,ahmed,Bessis,25647036,Xxrvoma@gmail.com,kzfjgdco,peugeot 208,133Tunisie77496,12189780
T75,fourat,Ben Ayed,26764206,JFWWmAh@gmail.com,sstpjroc,peugeot 208,122Tunisie5133,16883226
T76,sabeur,Cacoub,20783478,OqfXoVx@gmail.com,tukhxjvf,peugeot 301,204Tunisie62958,19408128
T77,claudio,Djaït,28803401,nyDmGKL@gmail.com,axueixso,peugeot 308,149Tunisie16563,12691954
T78,Hafsi,Benhenia,25313087,WCAQBmG@gmail.com,iqichbea,skoda ,182Tunisie77948,13455596
T79,mohamed,Ben Slama,28000328,fnEaIPw@gmail.com,gygpuwwb,Hyundai grandi10,120Tunisie97253,10928985
T80,aziz,Bensoussan,20947522,yyJAxIh@gmail.com,thxoqtyw,citroen elysee,169Tunisie66547,12111292
T81,wahid,Djaït,28916221,SHgLFqQ@gmail.com,jintkods,peugeot 301,154Tunisie79070,18364545
T82,aziz,Bouhageb,23717841,IIjraiN@gmail.com,oviojvhk,peugeot 208,183Tunisie41452,12935994
T83,Montassar,Ben Slama,20263612,IXJHzfP@gmail.com,ykswxijw,Polo 6,128Tunisie45548,19362932
T84,omar,Bessis,27442538,JoVIKwg@gmail.com,ryoqoaso,Polo 6,204Tunisie57278,17878489
T85,wahid,Boujenah,25416422,mWfQSTN@gmail.com,worqroqx,Hyundai grandi10,138Tunisie31063,14154682
T86,Amine,Bessis,24573291,wKNlYho@gmail.com,lkoyhmum,Jetta,128Tunisie60463,10840485
T87,claudio,Trabelsi,27285398,OufpYOn@gmail.com,ikvkfmjw,peugeot 208,128Tunisie49433,11963743
T88,Hafsi,Ben Slama,26589372,gfWsYJi@gmail.com,kzgcsina,peugeot 301,161Tunisie84140,15619292
T89,Dhia,Cacoub,27966602,BbEdRpX@gmail.com,nnlrtioa,Fiat punto,182Tunisie32948,19181507
T90,yasin,Cacoub,22418524,uHBIpMh@gmail.com,jbdgxucv,peugeot 208,165Tunisie52504,17051526
T91,Habib,Bensoussan,25142011,vXheisE@gmail.com,kzlfympp,Golf 5,162Tunisie55275,15627272
T92,atef,Bouazizi,26281979,HYKgxnO@gmail.com,ivcdnuey,Fiat punto,154Tunisie29203,13247390
T93,adem,Trabelsi,29491111,SXDrEpk@gmail.com,tpwnavsn,Golf 5,130Tunisie36854,14850665
T94,sameh,Brahim,25432147,hxOqzuj@gmail.com,vawmvrkq,skoda ,139Tunisie20253,10132670
T95,Karim,Ben Achour,29839012,SWczhUb@gmail.com,frxqlnat,Jetta,188Tunisie85929,18491099
T96,oussama,Benhenia,25952677,iluNJwK@gmail.com,qzwauuev,Golf 5,147Tunisie7348,19124336
T97,maamoun,Charfi,22955628,pCgcAXN@gmail.com,gzxtvziz,Fiat punto,211Tunisie98206,13522981
T98,maamoun,Djellouli,24430427,FqOQNde@gmail.com,xzhuvryq,peugeot 308,147Tunisie35733,16469670
T99,sabeur,Bouazizi,23287089,MNFoNfM@gmail.com,vbyexiha,Golf 5,121Tunisie69732,16338961
T100,yasin,Ben Slama,22578733,PmNWvfU@gmail.com,qauwxqoq,skoda ,173Tunisie91272,15812354
T101,Saleh,Cheikhrouhou,24862722,ZnrBhNY@gmail.com,xnowhvuv,skoda ,135Tunisie54974,10704363
T102,Karim,Azzabi,25168823,sFmAHwN@gmail.com,kpzctfoy,skoda ,126Tunisie21007,13034862
T103,maamoun,Trabelsi,25541460,QDaPXgk@gmail.com,ozjhhfpc,Golf 5,213Tunisie77229,12336767
T104,atef,Boujenah,22111102,hGueEiE@gmail.com,zwnyndub,peugeot 301,142Tunisie82202,11557625
T105,Walid,Benhenia,24274735,lSDwtXQ@gmail.com,aqfjvrfs,skoda ,130Tunisie19292,15959634
T106,selim,Caïd Essebsi,29824152,GrnmqEq@gmail.com,peujwepq,Fiat punto,185Tunisie57056,15011470
T107,Amine,Abbassi,20264266,djrDKII@gmail.com,gikjnisb,peugeot 208,193Tunisie15202,15945847
T108,maamoun,Ben Slama,20888612,yEPhGCa@gmail.com,mazlizcy,Polo 6,131Tunisie30024,18749006
T109,soufiane,Benhenia,27410630,FQJpdfI@gmail.com,cgnldgel,Polo 6,204Tunisie36013,15358588
T110,selim,Trabelsi,28408214,AZacjEm@gmail.com,cxtscomk,peugeot 208,199Tunisie77133,16651256
T111,mohamed,Djaït,21676459,kwuqsjR@gmail.com,qrrhprur,peugeot 301,124Tunisie98111,17320702
T112,sameh,Abbassi,23819811,tQToZjI@gmail.com,ekjlmapu,peugeot 308,125Tunisie35376,13394447
T113,claudio,Ben Ayed,22151247,bwhscmz@gmail.com,zlvzqviy,peugeot 308,181Tunisie51939,13512685
T114,aymen,Bensoussan,22812516,vgwxpxd@gmail.com,jixtlyuo,Golf 5,147Tunisie59879,15688331
T115,Hafsi,Djaoui,25347348,HBKZAEN@gmail.com,atgntlmj,peugeot 301,213Tunisie29036,10739070
T116,Dhia,Ben M’Barek,22621153,TxHCwSw@gmail.com,potdiizo,Hyundai grandi10,211Tunisie84722,10929513
T117,chokri,Bouazizi,21521701,RjCizJE@gmail.com,doylkoen,Polo 6,137Tunisie17260,19807993
T118,ahmed,Benhenia,25118947,FzXWvWf@gmail.com,kkffqaaq,peugeot 301,206Tunisie22430,16569511
T119,Radhouen,Boujenah,23263325,nODNaxY@gmail.com,ejjzsusr,peugeot 308,175Tunisie27530,13200256
T120,Hafsi,Brahim,25915920,ASkYAkD@gmail.com,jbivvepg,peugeot 208,167Tunisie92139,13136750
T121,selim,Caïd Essebsi,23650930,QcqfFvo@gmail.com,jomznzmz,Golf 5,132Tunisie99842,10521341
T122,soufiane,Bensoussan,28216691,wyVzlcL@gmail.com,baloypoy,citroen elysee,182Tunisie96150,13164299
T123,Mehdi,Caïd Essebsi,25304395,rsZfwoV@gmail.com,mkbwbprs,Jetta,132Tunisie32237,18459872
T124,soufiane,Ennaifer,23273305,VDHLckD@gmail.com,mvswjgqk,citroen elysee,204Tunisie44393,19329741
T125,Karim,Bouhageb,29536925,AcxpWPC@gmail.com,wczwuguj,Polo 6,122Tunisie41742,17403246
T126,sameh,Abbassi,25757766,prnhcfg@gmail.com,lldpwglf,peugeot 208,180Tunisie37413,12701749
T127,oussama,Cheikhrouhou,20492616,dLKXsEA@gmail.com,rhsfhckm,citroen elysee,138Tunisie19875,16905588
T128,Saleh,Djaoui,25873683,apdBzYJ@gmail.com,qzsbrlne,peugeot 208,197Tunisie7134,11336044
T129,Dhia,Bouhageb,29857026,aZsudEu@gmail.com,gocubnfy,Polo 6,159Tunisie348,15206426
T130,Ismail,Djellouli,21819647,FDEvQgx@gmail.com,iitgfzmi,peugeot 301,162Tunisie32264,17243984
T131,hakim,Benhenia,22195261,SIBqkjT@gmail.com,ltkroage,Golf 5,175Tunisie5191,11285482
T132,Hafsi,Abbassi,28524075,nNBQaqz@gmail.com,mbhiudmc,Hyundai grandi10,153Tunisie16208,11421174
T133,Ismail,Bessis,25215956,ZwHPXYz@gmail.com,rvqvxtqx,citroen elysee,131Tunisie45940,13386709
T134,Mehdi,Bouhageb,22734100,VCWIEAY@gmail.com,wyuxvtrl,peugeot 301,214Tunisie69484,19683210
T135,Firas,Charfi,26254954,ftKpMjX@gmail.com,jhbgmfrz,citroen elysee,127Tunisie59561,12193283
T136,Firas,Ben Ayed,28217044,hYpmkFS@gmail.com,ymwqsoig,Hyundai grandi10,213Tunisie57855,12093370
T137,hakim,Djaoui,23310238,fAfNYqJ@gmail.com,hnvfhuun,peugeot 308,136Tunisie54967,16698489
T138,amir,Ben Slama,20606150,VSEoANW@gmail.com,nmqzcaon,Fiat punto,131Tunisie84697,13712230
T139,haythem,Ben M’Barek,28195065,bisyFzh@gmail.com,yxikbjog,skoda ,179Tunisie97679,13081201
T140,haythem,Charfi,28100388,wBmFTnM@gmail.com,cnbfobnv,Golf 5,141Tunisie50877,17476531
T141,Firas,Ben Slama,20183136,CEzAzeO@gmail.com,hkqhzddf,peugeot 308,158Tunisie24873,12309894
T142,hakim,Djellouli,23976200,vgrDqqZ@gmail.com,dqgrzgfu,Fiat punto,193Tunisie55256,12802807
T143,omar,Bouhageb,26048835,HgKAUzW@gmail.com,mmugwftm,Jetta,170Tunisie69233,18558856
T144,selim,Charfi,25579759,psGBBfH@gmail.com,bkkmcviy,Fiat punto,189Tunisie55107,12225865
T145,sami,Cheikhrouhou,25042676,xKpPYOe@gmail.com,cwjpdqce,Polo 6,157Tunisie86338,11826546
T146,hazem,Charfi,28755278,ITOpDeS@gmail.com,xwuynmdk,skoda ,177Tunisie92483,11239488
T147,amir,Caïd Essebsi,24299832,EcAcfDM@gmail.com,qdiqrkjy,Golf 5,195Tunisie27243,16355340
T148,mohamed,Ben M’Barek,29171007,PBXboos@gmail.com,rxwyvaaq,Jetta,182Tunisie4693,13118705
T149,sabeur,Ayed,22150413,PsxyKCn@gmail.com,uimtpiqi,Golf 5,132Tunisie52249,16093502
T150,adem,Ben Ammar,29553220,YfRoTOt@gmail.com,guypwuwz,skoda ,191Tunisie67536,15865948
T151,Radhouen,Bensoussan,22457569,zIdeZXr@gmail.com,neckccwa,peugeot 301,196Tunisie60598,14138014
T152,Hafsi,Bouhageb,20809939,fqERBhH@gmail.com,rmevthqc,Golf 5,156Tunisie3952,17033136
T153,Ismail,Azzabi,20881655,HMijIxy@gmail.com,dwiaguis,peugeot 301,151Tunisie24280,11880734
T154,omar,Ben Ayed,26407978,KnqZcxQ@gmail.com,mjoeflpn,Polo 6,148Tunisie75706,13379789
T155,anas,Trabelsi,21670103,pwMZfXs@gmail.com,juguejjs,Fiat punto,183Tunisie5983,17522892
T156,chokri,Ben Slama,23957692,OTQVMAv@gmail.com,ahjoswey,Hyundai grandi10,158Tunisie51015,14558919
T157,soufiane,Ben Ammar,25389004,hOhOjMp@gmail.com,ahgwhzvd,peugeot 308,147Tunisie17439,13390807
T158,Fares,Trabelsi,24298900,NnlHFYm@gmail.com,cnghznqu,peugeot 308,204Tunisie26705,18728280
T159,Habib,Cheikhrouhou,22454564,uSGzfVW@gmail.com,ghqppapo,citroen elysee,164Tunisie83903,17173990
T160,yasin,Djaït,22961762,OBmSdLn@gmail.com,bhqtsxmt,peugeot 208,214Tunisie33105,18384587
T161,fourat,Djellouli,23485767,BcmySQg@gmail.com,asodoilf,Golf 5,197Tunisie31184,16927354
T162,Firas,Charfi,20759594,vpxWBtW@gmail.com,oxwfwxcg,peugeot 308,210Tunisie34795,14188338
T163,omar,Bouhageb,21653185,PsQzqWh@gmail.com,ukatzwab,Hyundai grandi10,176Tunisie49185,19870408
T164,mongi,Bouhageb,28679732,dKnCYgT@gmail.com,vpqjdili,Polo 6,165Tunisie52326,14606464
T165,Habib,Azzabi,27376197,isYmYyt@gmail.com,uestaold,skoda ,198Tunisie26063,15113073
T166,selim,Cheikhrouhou,26331177,YqgpQik@gmail.com,dgnhdvag,Golf 5,210Tunisie23162,18211510
T167,Karim,Cacoub,25385602,yhriHuF@gmail.com,nszhbkul,peugeot 208,131Tunisie74546,17570945
T168,amir,Bouazizi,23658014,aODsGWV@gmail.com,vdyivizu,Golf 5,165Tunisie30882,15051205
T169,hakim,Ben Ammar,26784992,HBOlRxe@gmail.com,kogykbnd,Fiat punto,177Tunisie52290,18248083
T170,Dhia,Djellouli,20724269,vZMQlYa@gmail.com,ajrfbyso,peugeot 308,202Tunisie53657,11570843
T171,adem,Ben Slama,20088940,bcDTGic@gmail.com,nvhwjonb,Fiat punto,181Tunisie55630,12919392
T172,omar,Djellouli,28420576,wBBYjIo@gmail.com,lyuotjmj,citroen elysee,132Tunisie9062,11207884
T173,Fares,Bouazizi,23276400,LifLPBQ@gmail.com,tmuzwhxe,skoda ,206Tunisie40075,15520995
T174,Radhouen,Ennaifer,23049690,WbLtUUZ@gmail.com,rlxztxip,skoda ,151Tunisie82427,13736457
T175,Fares,Bessis,29187266,BTlGsOE@gmail.com,seujvjzg,peugeot 301,147Tunisie62228,18951778
T176,Radhouen,Ayed,20033540,cHeHYNG@gmail.com,hviqpuwm,skoda ,200Tunisie64403,14841425
T177,ahmed,Abbassi,21442818,AGMFbQI@gmail.com,rrwqtvfd,peugeot 308,144Tunisie98967,11351474
T178,Walid,Charfi,20536061,tyDIrPZ@gmail.com,hysrrcuk,Fiat punto,135Tunisie23255,17504981
T179,Mehdi,Bensoussan,28827707,lpMXdfO@gmail.com,zvdaqewa,Golf 5,125Tunisie19040,15721968
T180,oussama,Ben Ayed,20207164,cMdUqaF@gmail.com,qafhevyu,citroen elysee,123Tunisie32884,13967933
T181,Ismail,Ben Ayed,29402745,XRYDnkS@gmail.com,bnkmhcpl,peugeot 208,139Tunisie57788,17198493
T182,Firas,Djaoui,21681917,gVwOkgM@gmail.com,ejlawfny,citroen elysee,171Tunisie46415,18005251
T183,Hafsi,Abbassi,29718186,alsVkRh@gmail.com,xgsiwvwx,Jetta,181Tunisie62327,14641429
T184,fourat,Benhenia,24158075,JdycCxO@gmail.com,ccsbkobw,Jetta,168Tunisie14422,16568291
T185,Montassar,Djaoui,28219021,LbfcyqY@gmail.com,meapblha,citroen elysee,181Tunisie68827,14844675
T186,Amine,Cacoub,20448318,bCKBJEG@gmail.com,urnexhnk,peugeot 208,175Tunisie64953,14819246
T187,Habib,Djellouli,29046159,BLhBHQZ@gmail.com,zplbbvrv,citroen elysee,210Tunisie95211,18269742
T188,Montassar,Bensoussan,22876920,rzHXZEd@gmail.com,sapzfflm,Hyundai grandi10,202Tunisie22059,12110568
T189,fabrice,Cacoub,29260667,VCqQmHQ@gmail.com,mravsjba,peugeot 301,135Tunisie85544,16650443
T190,ilyes,Djaoui,23733061,jJgDRkb@gmail.com,ipvsyxmn,peugeot 208,153Tunisie44721,10251469
T191,haythem,Ayed,20731782,ATMJaOY@gmail.com,qeuylkre,citroen elysee,182Tunisie26645,16324399
T192,Hafsi,Bouhageb,28511345,OYqVjuK@gmail.com,edgvjiqe,Jetta,204Tunisie16357,17283044
T193,yasin,Bensoussan,23496702,biNYdKJ@gmail.com,hixowoey,peugeot 308,177Tunisie49106,18599408
T194,Habib,Abbassi,23235285,McESgkn@gmail.com,jkchjgpe,Hyundai grandi10,120Tunisie8523,16587073
T195,anas,Abbassi,26243162,EDRSEeI@gmail.com,rzncxbff,peugeot 208,140Tunisie32721,19099610
T196,hakim,Ennaifer,22456416,hHleMpN@gmail.com,anoqwdyy,Jetta,183Tunisie11428,14535050
T197,mohamed,Boujenah,29176382,wJGhvhg@gmail.com,ttkaiqhm,citroen elysee,140Tunisie11702,16402584
T198,Mehdi,Djaoui,29403761,fkcZmvq@gmail.com,cshkourp,Hyundai grandi10,145Tunisie69656,13225294
T199,maamoun,Djaoui,21768130,ZgfCPWd@gmail.com,wjjsskrn,Fiat punto,126Tunisie8088,11172821
T200,Amine,Ben Ayed,23479415,MzBIdek@gmail.com,gyapjzew,peugeot 301,209Tunisie6121,11213933
T201,omar,Azzabi,21347301,pbRPnvt@gmail.com,jjavwcqs,Polo 6,197Tunisie65132,11439977
T202,ilyes,Ben Slama,29207468,UgIRuPq@gmail.com,nluclobf,Jetta,163Tunisie68652,10238387
T203,Montassar,Ben Slama,25696452,JvOsxmB@gmail.com,urxdsxti,Fiat punto,182Tunisie37922,19163395
T204,khaled,Ben Slama,25484494,tmMoqyh@gmail.com,xkztvztg,peugeot 308,198Tunisie26000,10330193
T205,Radhouen,Trabelsi,24660642,iGhTpaJ@gmail.com,jcrwnxfh,citroen elysee,161Tunisie92620,17781540
T206,slim,Djaoui,21078970,GUYhSXi@gmail.com,zaebakkx,skoda ,127Tunisie70452,15967913
T207,yasin,Djellouli,24175225,uhNktxb@gmail.com,inprsrjj,peugeot 301,161Tunisie61090,13671173
T208,Hafsi,Charfi,24443687,VuETliO@gmail.com,rcolisux,Polo 6,191Tunisie35451,16521918
T209,omar,Boujenah,27394395,RcZnPGr@gmail.com,pwjzbuik,Fiat punto,143Tunisie94875,18350994
T210,Firas,Ben Achour,29452123,UGHjOpQ@gmail.com,ccdzfczl,Polo 6,145Tunisie3513,13137132
T211,Habib,Abbassi,28956103,VZPKOHS@gmail.com,yqhnxjjx,citroen elysee,173Tunisie10403,19176265
T212,oussama,Ayed,20869253,QTcQZUs@gmail.com,eljrmsri,citroen elysee,142Tunisie14982,17825084
T213,claudio,Cacoub,24538062,yAWwMtx@gmail.com,zcxnmhpu,Fiat punto,150Tunisie48651,19260815
T214,amir,Bessis,29802927,kcKEfrs@gmail.com,obgoqfyr,Polo 6,178Tunisie59956,12875340
T215,khaled,Djaoui,20931693,IQuwXyN@gmail.com,jqjkwxwu,Golf 5,167Tunisie21580,15839572
T216,fourat,Djaït,24420673,jHGteKK@gmail.com,ktyrbrvs,peugeot 301,168Tunisie43924,13518163
T217,fabrice,Ayed,21195619,lrqzICu@gmail.com,jpjihegu,Golf 5,202Tunisie64325,10820745
T218,Walid,Charfi,20663846,xNIOIHG@gmail.com,ecppeaec,Fiat punto,179Tunisie81332,11684377
T219,aymen,Caïd Essebsi,26110527,wEVpgOt@gmail.com,mdxplpcn,citroen elysee,183Tunisie50507,14478481
T220,adem,Bouhageb,21256013,bJduXcw@gmail.com,dncvicwd,peugeot 301,197Tunisie41735,11975517
T221,mongi,Ben Achour,27265100,cKrpplu@gmail.com,jmhbjxee,skoda ,202Tunisie34148,19155062
T222,atef,Boujenah,20738753,XRVXDST@gmail.com,nwttlseq,skoda ,212Tunisie69535,12044604
T223,Fares,Trabelsi,26062980,dWbdyrf@gmail.com,ocdswjgo,peugeot 308,190Tunisie95292,11301711
T224,Hafsi,Cacoub,22911565,RVqfxTi@gmail.com,ltnnixgl,Golf 5,126Tunisie43843,10899685
T225,sameh,Ben Ayed,23707574,qmhSEBr@gmail.com,voztiuis,peugeot 301,135Tunisie16518,13380772
T226,Mehdi,Ben Slama,24082325,ytnbWMd@gmail.com,vknyariq,Fiat punto,194Tunisie49745,11679661
T227,Fares,Ennaifer,22481895,cpopdIc@gmail.com,pjrcuipe,Hyundai grandi10,157Tunisie88834,11832012
T228,soufiane,Ennaifer,24196501,tIcXJuf@gmail.com,rznguwbr,Golf 5,142Tunisie11406,11036342
T229,Fares,Charfi,26392342,NYfRvSg@gmail.com,fvaquagl,Jetta,190Tunisie3269,11059178
T230,claudio,Djaoui,21260524,OVMcpHI@gmail.com,axrfzyjq,skoda ,133Tunisie44202,16065269
T231,hakim,Ben Slama,20859049,EIOWMyG@gmail.com,bxrlzrkb,Hyundai grandi10,192Tunisie55038,17084927
T232,amir,Ennaifer,26684675,mcsJwcp@gmail.com,arbatnal,Jetta,209Tunisie47944,17665407
T233,wahid,Ennaifer,25631241,urWrnuk@gmail.com,jcynjqdi,Hyundai grandi10,184Tunisie12985,19548142
T234,Montassar,Ayed,20979682,TSIErCB@gmail.com,huegqrev,citroen elysee,164Tunisie80713,11249579
T235,fourat,Boujenah,27283250,MBczduC@gmail.com,dcrosnfw,Polo 6,134Tunisie61952,16740386
T236,sabeur,Bessis,22913909,qGIHjqv@gmail.com,bkcihgne,Golf 5,144Tunisie17703,10449946
T237,ahmed,Ennaifer,29092664,zdqJCMt@gmail.com,subyxxac,peugeot 308,193Tunisie88920,16313185
T238,hazem,Djellouli,22683413,CpULegX@gmail.com,yokfdvfs,peugeot 308,129Tunisie99061,15766531
T239,Habib,Ben Slama,28454219,RgGZWfd@gmail.com,yvizmfuz,Jetta,121Tunisie42867,18169344
T240,slim,Djellouli,27138289,ttohXOS@gmail.com,ldhdfbpd,citroen elysee,160Tunisie17892,19139072
T241,aymen,Ben Achour,27312379,ITcsXbO@gmail.com,opqrnlaz,Golf 5,171Tunisie60538,13158503
T242,sami,Bessis,22460557,IrEaWgt@gmail.com,iykuojpm,peugeot 301,173Tunisie40444,15830828
T243,Mehdi,Ben M’Barek,20769198,bZYjRUd@gmail.com,wptklkgy,Jetta,125Tunisie4148,16504956
T244,fabrice,Bouazizi,24146310,dCEiBln@gmail.com,eajyxzrt,peugeot 308,173Tunisie91727,19286732
T245,Firas,Abbassi,27815216,VCVTBrW@gmail.com,wjxlrqzb,Polo 6,169Tunisie46129,10990910
T246,Montassar,Abbassi,22713393,vUMmspk@gmail.com,qpcdinku,Polo 6,199Tunisie69551,15215601
T247,soufiane,Djellouli,29491592,PYInvxB@gmail.com,aapopvir,citroen elysee,154Tunisie77133,11010436
T248,Walid,Djaït,26386214,ziuotXT@gmail.com,tfpzksuv,peugeot 208,196Tunisie80608,16558208
T249,Montassar,Ben Ammar,27177673,yyfWIIe@gmail.com,euxmajme,skoda ,126Tunisie58238,18604722
T250,Saleh,Benhenia,23344959,gpYWYJb@gmail.com,gijmsedu,peugeot 308,129Tunisie55004,17834380
T251,Ismail,Djaït,28589611,pcnGtmR@gmail.com,xvuiqqqe,peugeot 301,169Tunisie73693,18990442
T252,mongi,Bensoussan,24622851,NFkwogN@gmail.com,qqsotqll,peugeot 301,156Tunisie39557,17167988
T253,Saleh,Djaoui,24856392,rfWMEiV@gmail.com,ydfxhdhl,peugeot 308,206Tunisie4332,18500061
T254,oussama,Brahim,21699187,hCDCiuP@gmail.com,wragbnfr,Fiat punto,136Tunisie59762,18899359
T255,Fares,Cacoub,21581964,jQbEasG@gmail.com,ikfbjnuy,Fiat punto,184Tunisie35368,19770347
T256,Saleh,Bouhageb,25404640,hqUptXf@gmail.com,qlhuynap,Golf 5,175Tunisie17663,16363089
T257,mohamed,Charfi,29170299,NJUezZz@gmail.com,okojpjwd,Hyundai grandi10,124Tunisie21807,12796455
T258,Karim,Benhenia,28075345,Phfrsvv@gmail.com,ncbdgdau,skoda ,185Tunisie88655,16857080
T259,claudio,Ben M’Barek,21314568,GwUpcmw@gmail.com,ypavfdzs,peugeot 208,134Tunisie4372,14480065
T260,aziz,Charfi,22278884,xWSbkiy@gmail.com,nevamxdg,Golf 5,187Tunisie19712,19087452
T261,mongi,Charfi,24558911,GZJPhLu@gmail.com,fhdkcchw,Polo 6,186Tunisie50396,19841137
T262,Fares,Djaoui,23669734,nyYEWYw@gmail.com,djtroras,skoda ,164Tunisie76966,17911635
T263,maamoun,Caïd Essebsi,21839362,mWBcoou@gmail.com,grupirxm,Fiat punto,135Tunisie79079,12545985
T264,wahid,Bouazizi,21112863,ItodoKY@gmail.com,jfhxfokl,Hyundai grandi10,167Tunisie81661,15553975
T265,mohamed,Ben M’Barek,25348161,euBedIH@gmail.com,hkptwksj,skoda ,199Tunisie67281,18222421
T266,Mehdi,Ben Slama,26812607,jgDXuhv@gmail.com,uoxnobqe,peugeot 308,206Tunisie44148,14620861
T267,claudio,Brahim,21565868,lDjwjkC@gmail.com,dzgkfogf,peugeot 208,163Tunisie14650,10947297
T268,soufiane,Charfi,25335300,gVkbOPF@gmail.com,kwbkqayn,Polo 6,137Tunisie82497,11030962
T269,slim,Azzabi,22993063,feVreEr@gmail.com,xkhitdmy,peugeot 301,170Tunisie32109,19806197
T270,maamoun,Charfi,28034418,lZamDrg@gmail.com,oyemkbmk,peugeot 308,150Tunisie89661,16972976
T271,fourat,Ayed,26206007,GnnENXI@gmail.com,lpbpwasg,Jetta,155Tunisie48690,18972697
T272,selim,Bensoussan,21855216,LlyCmhH@gmail.com,vvthtzus,Fiat punto,128Tunisie7555,16281979
T273,Mehdi,Bessis,24508583,sNhyvZI@gmail.com,alshxkcz,citroen elysee,189Tunisie76361,17632687
T274,haythem,Charfi,23824455,ctojQMc@gmail.com,dibhacce,Polo 6,190Tunisie46431,11628887
T275,Amine,Bessis,27110166,rUHmRIG@gmail.com,vcujtcfv,Jetta,148Tunisie79768,14215172
T276,Hafsi,Charfi,20559861,QvpREwz@gmail.com,ksctlpgu,Hyundai grandi10,190Tunisie27951,16242318
T277,selim,Brahim,25240902,esfpttl@gmail.com,pzszrgdj,Hyundai grandi10,130Tunisie84133,18752041
T278,Firas,Bessis,28357786,tZRQEPq@gmail.com,zkuqwjlg,Jetta,142Tunisie3065,14048991
T279,claudio,Cheikhrouhou,22876883,utSgRXs@gmail.com,fbebgjxi,peugeot 208,147Tunisie82778,19470325
T280,sami,Trabelsi,28999717,MHbDQHL@gmail.com,azacodxm,Fiat punto,123Tunisie33836,14081244
T281,sameh,Bessis,28010098,RiewYtp@gmail.com,haqbmkew,citroen elysee,213Tunisie26894,11334326
T282,wahid,Azzabi,26598003,LTQsfat@gmail.com,bgcyuvhx,peugeot 208,191Tunisie9002,12705922
T283,Firas,Azzabi,26441149,GMwbGsq@gmail.com,usljeryi,peugeot 308,180Tunisie4588,19749460
T284,hakim,Abbassi,26634572,LuLtZJe@gmail.com,mvtxvzwm,peugeot 208,150Tunisie50272,14705215
T285,mohamed,Ben Slama,25127776,nDMxwor@gmail.com,tvanijvn,peugeot 301,195Tunisie59167,12745648
T286,fabrice,Djellouli,21255870,mhrTwmd@gmail.com,kvkymwhy,peugeot 208,169Tunisie57667,11479777
T287,chokri,Cacoub,27708817,urvZjzI@gmail.com,srmtfsbz,Jetta,126Tunisie41852,18613361
T288,Habib,Ben Slama,24757859,fUTcJnJ@gmail.com,azgjmzfy,Jetta,136Tunisie24931,18604350
T289,fourat,Abbassi,22029200,QeyYDcj@gmail.com,nxaddzcd,peugeot 208,166Tunisie52599,12992905
T290,Firas,Ben Achour,23616303,gxeERHT@gmail.com,uffbfver,Fiat punto,125Tunisie95942,19335113
T291,Mehdi,Charfi,27226615,YFjllNp@gmail.com,nrrmjlcc,skoda ,120Tunisie13775,17762870
T292,mohamed,Trabelsi,23306129,PaOKGJK@gmail.com,dttvzgsv,Golf 5,148Tunisie76127,12064147
T293,fourat,Djaoui,27050108,DOuLobN@gmail.com,kzwzshrr,peugeot 301,138Tunisie26869,18641693
T294,fabrice,Ben Slama,23464046,FLDEPfM@gmail.com,iacdfesd,Jetta,156Tunisie36411,18321822
T295,ahmed,Caïd Essebsi,22694700,kzWksah@gmail.com,ifmcifgs,peugeot 301,195Tunisie95419,12858651
T296,Karim,Ben Ammar,20704181,nLRKLYO@gmail.com,darltepp,peugeot 301,138Tunisie77410,17855858
T297,aymen,Bouazizi,24990041,iTnqtqu@gmail.com,fsfswguk,peugeot 208,183Tunisie79559,10498190
T298,Ismail,Trabelsi,27700968,llFRbHG@gmail.com,jkrtfunl,peugeot 308,181Tunisie75821,16961405
T299,Dhia,Ben M’Barek,25418242,TkMUbao@gmail.com,yjmemkcj,Hyundai grandi10,132Tunisie34010,14093658
T300,hazem,Ben Ammar,23874936,QyLsfbO@gmail.com,yiocwgin,Golf 5,202Tunisie33933,16371686
T301,sameh,Ben M’Barek,25818901,ftjTicV@gmail.com,quzugeeg,Polo 6,129Tunisie97030,12137296
T302,ahmed,Brahim,26561690,yzDcvMc@gmail.com,kvroufsu,Fiat punto,132Tunisie85840,11143520
T303,hakim,Ben Ayed,25899348,KcutzYL@gmail.com,qsomcfpa,peugeot 301,141Tunisie36987,12684424
T304,Mehdi,Brahim,26177880,RTSLNQt@gmail.com,yokxycvh,Golf 5,173Tunisie12192,11370670
T305,slim,Ben Ayed,22434421,QdNgIRH@gmail.com,tvyfguvf,peugeot 308,158Tunisie92402,10726944
T306,wahid,Ben Ayed,28486321,LaeycvQ@gmail.com,hqazhkix,Fiat punto,192Tunisie92305,10058334
T307,haythem,Azzabi,21662141,RyInfFf@gmail.com,lhjtevjl,peugeot 301,161Tunisie549,16940253
T308,hazem,Abbassi,23241197,JiiInij@gmail.com,onzqpbcb,peugeot 301,202Tunisie17190,18492569
T309,sameh,Brahim,22970973,AGhQvsP@gmail.com,dythlfdl,Hyundai grandi10,200Tunisie75422,12631161
T310,slim,Ben Achour,22051254,hGAwoDE@gmail.com,ityikiic,citroen elysee,142Tunisie58765,14816531
T311,amir,Trabelsi,24929608,vCJYpBD@gmail.com,aowpelru,Fiat punto,210Tunisie37311,18177516
T312,adem,Brahim,29986936,dBXbQgR@gmail.com,mbmepwid,Hyundai grandi10,156Tunisie41720,15395321
T313,slim,Trabelsi,25960561,yLIDLIQ@gmail.com,uhcpygci,Hyundai grandi10,161Tunisie82596,18156678
T314,Hafsi,Ben Ayed,27716502,XEflxfK@gmail.com,vlpgzasr,Polo 6,184Tunisie2538,14289594
T315,slim,Bouazizi,21226922,GXdztPO@gmail.com,ddaxvgez,peugeot 308,135Tunisie14831,11984956
T316,Ismail,Djaoui,21057157,KFQcTSV@gmail.com,rcvmwfwt,Hyundai grandi10,205Tunisie70389,11976167
T317,mongi,Caïd Essebsi,22676908,MpKwkjc@gmail.com,gpgifsik,Hyundai grandi10,158Tunisie87152,14222628
T318,fabrice,Benhenia,23288392,BcgLCYK@gmail.com,xwhlwrrj,skoda ,188Tunisie49779,19752173
T319,ilyes,Bouhageb,24270000,aqjSKKz@gmail.com,sxmdsyvo,Fiat punto,187Tunisie61960,15741515
T320,khaled,Bouhageb,21502287,sSONgsx@gmail.com,dqdozlbh,Hyundai grandi10,177Tunisie85840,14970452
T321,Walid,Abbassi,22912481,MBiXAjh@gmail.com,xqfijure,peugeot 208,143Tunisie21551,10310755
T322,fabrice,Benhenia,29331277,Bpgqxxi@gmail.com,zlsfwqdd,Fiat punto,201Tunisie36711,18611101
T323,Montassar,Caïd Essebsi,27559605,gDPntFN@gmail.com,kmdktvlg,Golf 5,145Tunisie51612,13836057
T324,Fares,Charfi,28278244,nCPicAG@gmail.com,qobtfeyo,Jetta,195Tunisie40473,17716401
T325,mongi,Bouazizi,29952070,Hkmkwbj@gmail.com,mntvyfkc,peugeot 308,171Tunisie33270,17826252
T326,Ismail,Ben Achour,25193058,EnqWqTk@gmail.com,lbrmwvch,Jetta,211Tunisie51727,18995563
T327,chokri,Trabelsi,25694400,jbiEzpx@gmail.com,fmcuoahx,Golf 5,162Tunisie16917,13916236
T328,ilyes,Ben Slama,27094679,subirBV@gmail.com,fovfzmqj,citroen elysee,161Tunisie48413,15692067
T329,fourat,Benhenia,23675252,cMCYcpB@gmail.com,wxosihas,Golf 5,146Tunisie15012,17289884
T330,hakim,Ben M’Barek,20619081,mWhPazy@gmail.com,dqlvllll,peugeot 301,212Tunisie80094,19580557
T331,wahid,Abbassi,24745764,rWqLmon@gmail.com,zvveausf,Golf 5,151Tunisie36846,14950596
T332,atef,Bensoussan,21986386,hBsDpgL@gmail.com,qjuflstx,peugeot 208,210Tunisie79683,15397168
T333,ilyes,Benhenia,26532721,DBOLTcO@gmail.com,dwibsbny,skoda ,173Tunisie85169,14662132
T334,claudio,Ennaifer,22359401,ddqyEWA@gmail.com,ynmyqqjc,citroen elysee,172Tunisie26943,10156710
T335,oussama,Ennaifer,29027544,wtDUaQs@gmail.com,spgajmdi,Fiat punto,180Tunisie93552,11137683
T336,Radhouen,Djellouli,24484808,hmdONwx@gmail.com,gveurlgl,Polo 6,132Tunisie56686,10591097
T337,atef,Djaït,20464972,oqMSDtS@gmail.com,rqmwapla,skoda ,170Tunisie26388,15890274
T338,khaled,Ben Slama,25163219,VqBxGdo@gmail.com,ljuxwyuc,Polo 6,214Tunisie28975,19166983
T339,Ismail,Bouhageb,29151192,EKXcxzl@gmail.com,ucpdvyfw,Hyundai grandi10,153Tunisie43547,11094340
T340,Saleh,Trabelsi,23730012,upyLFjN@gmail.com,meyosfzn,Jetta,122Tunisie14766,19537431
T341,mongi,Bouhageb,29565084,clUKRgQ@gmail.com,oarzhuud,Hyundai grandi10,175Tunisie109,10633891
T342,claudio,Bouazizi,23668603,qJRIJAV@gmail.com,zmjfzysk,citroen elysee,165Tunisie40611,11581284
T343,hazem,Ayed,21309135,cJhHMOC@gmail.com,hjwwanxk,Golf 5,190Tunisie31274,16510457
T344,chokri,Caïd Essebsi,22336519,zvPgtPE@gmail.com,bdoptxpn,citroen elysee,208Tunisie45922,15889212
T345,hakim,Caïd Essebsi,21025753,kXJmaTr@gmail.com,hefenxme,citroen elysee,205Tunisie39594,19847562
T346,yasin,Djaoui,29025185,rcdEGED@gmail.com,egkfhlsv,skoda ,120Tunisie67256,10967470
T347,mohamed,Charfi,21787034,NvlwsIW@gmail.com,bbvsewrd,citroen elysee,186Tunisie86725,10377467
T348,sami,Azzabi,24130999,OpoTcav@gmail.com,tsrtbhrc,Polo 6,159Tunisie50545,14326244
T349,Karim,Ayed,20490751,cUNODIP@gmail.com,gvegmisw,skoda ,123Tunisie84151,14458169
T350,ahmed,Bessis,28729993,xDriedx@gmail.com,ddrhzjbc,citroen elysee,155Tunisie85135,17846553
T351,wahid,Ben Ammar,27842789,iEDxDjx@gmail.com,rojktbrh,Fiat punto,191Tunisie4189,18107987
T352,wahid,Ayed,23577398,pzIZbOh@gmail.com,qtegzgcl,peugeot 308,151Tunisie36814,11883868
T353,Montassar,Trabelsi,20362007,sdwCZSO@gmail.com,caqxmxgf,Polo 6,203Tunisie69241,16192297
T354,mohamed,Azzabi,21440735,bzXcnkl@gmail.com,jxeknpoj,Jetta,185Tunisie50705,11613119
T355,Ismail,Ben Ayed,27329109,aMuCLjj@gmail.com,oicwahcr,Jetta,161Tunisie53183,19656048
T356,hazem,Bessis,26833056,YjtrUyE@gmail.com,tvyfptfg,Fiat punto,141Tunisie90546,13188442
T357,Ismail,Ben Ammar,27409233,KItDyir@gmail.com,dclwouje,citroen elysee,182Tunisie28559,12550206
T358,chokri,Boujenah,21818012,JdbNwAx@gmail.com,hlmmdhtc,peugeot 308,140Tunisie55537,18268477
T359,Amine,Abbassi,24012422,kdaktJx@gmail.com,zlztdqrv,peugeot 208,157Tunisie63049,19078461
T360,hakim,Ayed,20140230,TLzFfEJ@gmail.com,solocjil,Golf 5,122Tunisie59905,18342025
T361,sameh,Ben Achour,24900308,FbkDGPA@gmail.com,xsvadihj,skoda ,172Tunisie25047,10215214
T362,adem,Caïd Essebsi,26915195,oYGWUGa@gmail.com,rjmvsita,peugeot 308,136Tunisie95232,10300224
T363,wahid,Bessis,26460616,FDQgPEc@gmail.com,ozqhbtpg,Fiat punto,130Tunisie48646,12912025
T364,Habib,Ennaifer,23092452,ezXTcxq@gmail.com,ytpwgyez,peugeot 208,156Tunisie54866,12009385
T365,sabeur,Djellouli,25884989,WnycckW@gmail.com,wuvwpktw,citroen elysee,184Tunisie18814,17715660
T366,Ismail,Trabelsi,22702730,CTDlxfy@gmail.com,ekwsngrr,skoda ,121Tunisie78029,12890143
T367,ahmed,Ben M’Barek,20920337,qeJEimy@gmail.com,fneevged,Fiat punto,194Tunisie32472,16437796
T368,omar,Ben Achour,21938806,sTYdxXW@gmail.com,excjinyc,Polo 6,150Tunisie65101,19971444
T369,sameh,Boujenah,21670712,TjcyBeP@gmail.com,jrkfrbzv,peugeot 208,141Tunisie57906,13213275
T370,selim,Trabelsi,29932264,VVHtjyu@gmail.com,vkmxshys,citroen elysee,212Tunisie25824,16176369
T371,omar,Bouazizi,20761910,jbZPvRY@gmail.com,ckbomoku,peugeot 208,191Tunisie33344,18476837
T372,Saleh,Ben Achour,20479363,eoacxFJ@gmail.com,lwsoceww,skoda ,134Tunisie70291,12603054
T373,mongi,Boujenah,29439040,VtUemVV@gmail.com,onaliezm,Polo 6,146Tunisie78345,15398824
T374,slim,Djaoui,25371908,fmGjFVX@gmail.com,vuqzjcnl,Jetta,123Tunisie34278,13526733
T375,Hafsi,Ayed,26564023,VKVdlTa@gmail.com,issczyan,peugeot 208,126Tunisie16979,14021226
T376,adem,Bessis,24056732,RXNRJua@gmail.com,tukleqlc,Fiat punto,159Tunisie22852,13103437
T377,fourat,Cheikhrouhou,24387904,aOLYQjZ@gmail.com,tbwypfks,Polo 6,123Tunisie12341,18522657
T378,atef,Azzabi,22746808,JLaThKk@gmail.com,acggerys,Jetta,120Tunisie47957,18791681
T379,Habib,Ayed,25664141,JVJXtpX@gmail.com,rhcmvelm,Fiat punto,123Tunisie17852,19691315
T380,Radhouen,Ben Achour,22711049,QzgthTC@gmail.com,kiyilsuk,peugeot 301,188Tunisie76621,19001103
T381,mongi,Ben M’Barek,20011151,xOkIgvM@gmail.com,utexnfpq,citroen elysee,213Tunisie95354,19817311
T382,Montassar,Ben Ammar,26576747,LBuUkJq@gmail.com,xycahnxn,peugeot 301,211Tunisie73900,11401016
T383,Mehdi,Ben Ammar,29025316,ENbagQW@gmail.com,dszwqihl,Hyundai grandi10,207Tunisie59123,10268512
T384,sabeur,Bouhageb,24563440,FXRmbHH@gmail.com,jnedtfcz,peugeot 301,123Tunisie83078,14526070
T385,Ismail,Caïd Essebsi,26810261,KWPecjf@gmail.com,ypffzbdf,Polo 6,177Tunisie86457,12261038
T386,fourat,Cacoub,20053941,bvPlsEu@gmail.com,okkgjjeg,Polo 6,159Tunisie9999,11248200
T387,Karim,Ben M’Barek,20176704,FMyfWcx@gmail.com,mjjlfjri,Fiat punto,196Tunisie80335,18912354
T388,Walid,Bouhageb,21895456,BJPDadD@gmail.com,nosshxfq,Golf 5,147Tunisie80453,17625500
T389,amir,Ayed,28236501,fwVRMqb@gmail.com,fpifkrwa,Golf 5,150Tunisie47804,13260957
T390,anas,Ben Achour,20413010,MIouowL@gmail.com,tevwvuuc,Golf 5,196Tunisie95829,16868046
T391,soufiane,Caïd Essebsi,20760881,jsWLBFR@gmail.com,wagjpvuv,citroen elysee,158Tunisie75169,11851918
T392,haythem,Bessis,20095941,fZYxVHO@gmail.com,ijsghqwb,Jetta,148Tunisie90192,18480187
T393,selim,Caïd Essebsi,29700361,gkxszqb@gmail.com,vugliiae,peugeot 308,144Tunisie72624,12533881
T394,sabeur,Charfi,24550312,GoiSmsc@gmail.com,bsqrqecx,Fiat punto,155Tunisie35681,16856668
T395,aymen,Ennaifer,27624628,fBTOAbn@gmail.com,neynjexy,Hyundai grandi10,134Tunisie76522,11908953
T396,Amine,Benhenia,24233835,bklDObz@gmail.com,nkrwtghb,skoda ,213Tunisie52189,14778807
T397,hazem,Djellouli,25610181,oDxVoBk@gmail.com,rkmmzeuz,Fiat punto,211Tunisie3284,13101818
T398,Fares,Bensoussan,26656117,cExxrVX@gmail.com,pihdssth,Golf 5,152Tunisie2084,17939488
T399,aymen,Djaoui,23701669,ynmrngD@gmail.com,fgwxzhqp,skoda ,199Tunisie93002,19210227
T400,Firas,Charfi,23003209,HGdirva@gmail.com,afbyxvjx,peugeot 208,174Tunisie23365,17933566
T401,Amine,Bensoussan,28387415,wTTGyKR@gmail.com,teudgfrn,peugeot 301,190Tunisie8947,18581361
T402,Ismail,Abbassi,28164688,ZSRgjyH@gmail.com,dumisqyb,Polo 6,204Tunisie63138,14112344
T403,Amine,Azzabi,29895804,gyHhQNY@gmail.com,itukauti,Hyundai grandi10,158Tunisie98798,10681231
T404,ilyes,Djaoui,23250869,biAQbup@gmail.com,ureeogty,Fiat punto,179Tunisie64842,12590723
T405,mohamed,Djellouli,27026962,KkMzxXC@gmail.com,cslicxsb,citroen elysee,179Tunisie82800,11353112
T406,ilyes,Benhenia,24647688,qzbLOVI@gmail.com,tudwzwrm,Fiat punto,133Tunisie81782,10647268
T407,ahmed,Cacoub,21127405,EfUEUmj@gmail.com,snpxhncb,Hyundai grandi10,126Tunisie80832,13598420
T408,ilyes,Djaït,23374999,zXeMfpJ@gmail.com,jzarsmtz,peugeot 301,144Tunisie19022,13406993
T409,hakim,Charfi,25605331,esPUhKU@gmail.com,ysytbtxq,peugeot 208,147Tunisie86163,18839335
T410,Mehdi,Bouazizi,26454825,vtgNrPw@gmail.com,rkrnlykj,Polo 6,156Tunisie39267,15966029
T411,fourat,Ayed,24003148,OBjsvEO@gmail.com,ainzdvda,Hyundai grandi10,165Tunisie91891,15325362
T412,claudio,Benhenia,23689612,MZfnSGa@gmail.com,ngxtyuxb,Jetta,121Tunisie23843,13688325
T413,Montassar,Bouhageb,28421066,czjkiFY@gmail.com,wfpbpmoo,citroen elysee,156Tunisie88072,17605597
T414,soufiane,Ayed,27607191,jYFLYLj@gmail.com,ldppepti,Polo 6,159Tunisie96844,19085554
T415,haythem,Azzabi,21790232,TmXplKX@gmail.com,cvdjdspu,peugeot 208,143Tunisie61236,10753372
T416,atef,Ennaifer,22227647,meMBgiI@gmail.com,cvriuyhp,Polo 6,193Tunisie77488,15984677
T417,ilyes,Ben Ayed,23024629,gfMKhMd@gmail.com,gbmaplyl,Hyundai grandi10,196Tunisie22072,19823235
T418,amir,Cacoub,28455918,RXlGRJE@gmail.com,tlbdesov,Hyundai grandi10,208Tunisie89214,16356141
T419,mongi,Brahim,27911401,DnczRMD@gmail.com,qkiyzmlj,peugeot 301,202Tunisie66756,15654094
T420,Dhia,Abbassi,25828811,DZkGfGx@gmail.com,jcbdywtn,Hyundai grandi10,173Tunisie73890,14964777
T421,selim,Ennaifer,25959274,ESGpsAo@gmail.com,acxkhubb,peugeot 301,206Tunisie57210,18826073
T422,atef,Cacoub,28041854,DAnJKbq@gmail.com,hvvjiktz,Jetta,197Tunisie92413,12315727
T423,selim,Bessis,25548596,fCdFigw@gmail.com,xhpcslfs,peugeot 308,203Tunisie33918,17625059
T424,atef,Ben Achour,21130008,PbSsNdF@gmail.com,ucrazylb,citroen elysee,180Tunisie30691,11814306
T425,Amine,Benhenia,29228175,wXldraR@gmail.com,zndygyda,Fiat punto,125Tunisie27492,19745416
T426,Radhouen,Djaoui,22085905,HNFWRGl@gmail.com,vohnlfyg,Jetta,164Tunisie17317,13873909
T427,haythem,Charfi,23119856,uElVYGo@gmail.com,krsovnlg,Hyundai grandi10,203Tunisie40925,11906182
T428,mongi,Abbassi,21952724,lUnujyK@gmail.com,uhajqsia,citroen elysee,148Tunisie42038,19665056
T429,Montassar,Boujenah,20556058,vZUnmom@gmail.com,qafkrbig,citroen elysee,189Tunisie43788,14947424
T430,atef,Bensoussan,29176903,jQoTXms@gmail.com,qtozmbmx,peugeot 301,131Tunisie59115,10854377
T431,Radhouen,Abbassi,23508461,vmvoQPc@gmail.com,zdwoytzv,Fiat punto,170Tunisie53691,16708701
T432,hazem,Ben Achour,29436209,EMetYcB@gmail.com,zepmchwx,peugeot 308,160Tunisie74860,18770746
T433,Saleh,Trabelsi,27642993,ULdGzHe@gmail.com,bjmxsbkb,Hyundai grandi10,209Tunisie89186,14859634
T434,Ismail,Ben M’Barek,25881048,qxWCsTV@gmail.com,pmztllfp,peugeot 301,120Tunisie49913,10814661
T435,selim,Bensoussan,29191576,BTLHLyD@gmail.com,qilmknlr,peugeot 308,209Tunisie40818,14375612
T436,Karim,Cacoub,21810680,oUFtCCQ@gmail.com,weaclqch,Jetta,193Tunisie40356,11039990
T437,slim,Ben M’Barek,24677112,EcLmorS@gmail.com,jqxkzlvs,Polo 6,164Tunisie90869,15441631
T438,Walid,Djaït,23809538,iCIFfnT@gmail.com,wkazjjep,peugeot 301,173Tunisie33265,10460851
