client_id1,client_id2,client_id3,chauffeurtaxi_id,origins_Latitude,origins_Longitude,destination_Latitude,destination_Longitude,distance_Km,dureetrajet_Mn,cout_Dt,date,heure,date_heure,evaluation_client,evaluation_trajet,nb utilisation taxi par semaine
195,383,91,T337,36.46434120956746,36.73596963181425,36.161856093827325,36.16660224990224,12,22,17,10/07/2022,05:49 PM,10/07/2022 05:49 PM,5,4,10
370,358,53,T372,36.67675533736939,36.75556413760793,36.8136720237954,36.182492635092125,7,28,11,12/01/2022,03:20 PM,12/01/2022 03:20 PM,5,1,1
103,174,360,T188,36.777620433226055,36.069380149051305,36.90901649297217,36.161991236547024,19,13,19,07/10/2022,03:24 AM,07/10/2022 03:24 AM,5,1,1
263,84,31,T138,36.8233944713475,36.622531890233674,36.540728830505216,36.570733610326066,5,11,19,08/09/2022,05:41 AM,08/09/2022 05:41 AM,3,2,2
57,351,256,T114,36.42134182281409,36.273882051677504,36.766007730709994,36.642732947929765,10,11,18,03/06/2022,06:03 AM,03/06/2022 06:03 AM,4,3,6
228,48,322,T207,36.063626503906484,36.486070795626034,36.60500261920985,36.42790745988335,5,14,18,01/30/2022,05:23 PM,01/30/2022 05:23 PM,4,2,2
174,379,229,T173,36.81888523925175,36.70359786747756,36.05548087295611,36.68736710160491,18,21,14,02/15/2022,07:26 AM,02/15/2022 07:26 AM,4,5,12
111,159,70,T371,36.767701778111544,36.01681042655472,36.13351341282444,36.581846326548614,12,19,11,03/26/2022,11:05 AM,03/26/2022 11:05 AM,5,3,6
0,382,49,T310,36.20174552198488,36.83075050719957,36.06133519139563,36.56617004370897,10,8,15,10/01/2022,04:38 AM,10/01/2022 04:38 AM,3,4,10
120,19,15,T373,36.422215380986906,36.79248710293954,36.380979158919544,36.221414121760766,20,17,9,11/30/2022,06:29 PM,11/30/2022 06:29 PM,5,1,1
232,92,340,T5,36.81779680135442,36.769049307229686,36.52970661505054,36.00438315829942,12,18,6,03/27/2022,03:43 PM,03/27/2022 03:43 PM,5,2,2
419,406,257,T410,36.26383093011675,36.39133399424989,36.46526978088249,36.05003906175815,16,14,16,06/23/2022,09:28 PM,06/23/2022 09:28 PM,3,3,6
372,388,386,T16,36.36407784939202,36.03144597109974,36.92404732562558,36.84812878848519,16,14,6,08/15/2022,09:15 PM,08/15/2022 09:15 PM,4,5,12
190,238,169,T428,36.33975115006586,36.46198012919128,36.81571978949584,36.32850730377409,17,7,19,04/28/2022,10:26 PM,04/28/2022 10:26 PM,5,1,1
369,227,198,T218,36.74417558901036,36.839643709924324,36.14453674072338,36.96304968875497,15,11,16,02/10/2022,11:32 PM,02/10/2022 11:32 PM,4,2,2
13,51,274,T225,36.26352873452398,36.03516066872314,36.553957447763516,36.66947253552837,18,22,5,01/01/2023,01:45 PM,01/01/2023 01:45 PM,5,4,10
302,197,209,T178,36.68247982297028,36.768853870262504,36.044762894457236,36.506801120445836,15,5,12,09/28/2022,12:19 PM,09/28/2022 12:19 PM,4,5,12
338,170,272,T404,36.936328924125384,36.12387119006601,36.85939965355643,36.557847325483536,6,12,7,09/10/2022,08:37 AM,09/10/2022 08:37 AM,4,4,10
336,184,90,T36,36.78468343835018,36.656837116985805,36.8609073411048,36.65973251548092,7,12,15,09/22/2022,03:41 AM,09/22/2022 03:41 AM,3,3,6
388,323,431,T151,36.57830669534757,36.69138651719054,36.86364413001428,36.938326917796324,14,26,19,10/05/2022,05:04 AM,10/05/2022 05:04 AM,3,2,2
233,353,405,T405,36.27417677384885,36.72656056742707,36.671905808486066,36.076622946961336,12,23,20,06/07/2022,07:30 PM,06/07/2022 07:30 PM,4,2,2
101,178,282,T170,36.85827995632081,36.98798840539285,36.002721090250134,36.448836361021144,19,9,13,01/18/2022,01:08 AM,01/18/2022 01:08 AM,4,3,6
211,361,267,T42,36.34794947362472,36.481996896396616,36.411678661461565,36.15558424105401,13,15,20,02/27/2022,05:37 PM,02/27/2022 05:37 PM,3,4,10
313,353,410,T249,36.212076178344056,36.34428076194524,36.25594758414482,36.510102847016704,9,7,11,09/15/2022,01:54 PM,09/15/2022 01:54 PM,5,0,1
78,34,149,T300,36.45778150990054,36.94646027325878,36.805980029587204,36.11741253013255,10,20,15,12/02/2022,03:18 AM,12/02/2022 03:18 AM,5,4,10
418,293,14,T397,36.364462122189046,36.401644964996144,36.863162878214844,36.32099163596811,17,21,13,09/04/2022,03:18 AM,09/04/2022 03:18 AM,3,4,10
135,370,29,T427,36.57093503498216,36.47451463082999,36.16747082064741,36.93282370027466,10,24,7,03/19/2022,08:45 PM,03/19/2022 08:45 PM,3,0,1
191,403,101,T51,36.650381161209346,36.69225225098944,36.88461046870136,36.99500585839742,12,7,9,09/28/2022,08:18 AM,09/28/2022 08:18 AM,4,2,2
308,262,29,T241,36.374884786855645,36.606465958227396,36.52572335355683,36.720277607691415,16,7,10,10/23/2022,07:52 PM,10/23/2022 07:52 PM,5,1,1
209,191,71,T365,36.11924990976372,36.713266512730634,36.36959223519091,36.9358909193407,7,27,20,01/14/2022,12:20 PM,01/14/2022 12:20 PM,3,0,1
185,23,395,T282,36.11830505782002,36.23796612709844,36.88429850404112,36.24652787763852,18,5,14,01/05/2023,05:22 PM,01/05/2023 05:22 PM,4,0,1
311,293,172,T403,36.53607761028029,36.407377904914476,36.3935159736217,36.42172247838346,13,7,14,07/17/2022,09:46 AM,07/17/2022 09:46 AM,5,1,1
277,226,152,T281,36.37383462607315,36.64263297795225,36.92745621284794,36.051330302535625,12,28,18,03/01/2022,03:33 AM,03/01/2022 03:33 AM,5,0,1
187,398,38,T398,36.16857690206846,36.95471751981612,36.60585614552113,36.39830016355844,14,28,9,10/13/2022,02:45 PM,10/13/2022 02:45 PM,3,4,10
129,57,60,T105,36.761998384975755,36.05130173925626,36.7792662509169,36.591115498655114,13,20,13,07/29/2022,06:59 PM,07/29/2022 06:59 PM,3,3,6
335,148,320,T250,36.76671659269098,36.93252144686106,36.7495394416812,36.38860529885406,10,25,11,07/15/2022,11:11 PM,07/15/2022 11:11 PM,5,4,10
65,331,431,T275,36.46347247086261,36.167968984731104,36.41399075607087,36.48476696056649,8,11,6,07/11/2022,02:58 AM,07/11/2022 02:58 AM,5,0,1
303,34,299,T326,36.03286178624367,36.279301032617155,36.65186900289452,36.424272230227736,15,10,12,02/26/2022,10:59 PM,02/26/2022 10:59 PM,4,1,1
414,319,263,T218,36.63366730255817,36.59055350063012,36.28628810557556,36.36692221290815,8,27,13,09/25/2022,10:19 PM,09/25/2022 10:19 PM,3,0,1
250,353,363,T302,36.061704769156876,36.1187391840711,36.69806677554804,36.289707133572804,14,5,8,01/25/2022,04:42 AM,01/25/2022 04:42 AM,3,2,2
175,385,109,T430,36.324932567609935,36.155074373897286,36.835948590407,36.073662118685114,10,23,11,01/12/2022,06:01 PM,01/12/2022 06:01 PM,5,1,1
241,281,194,T142,36.54034507101254,36.970352773693925,36.2310507658209,36.20567854905972,9,10,16,09/02/2022,05:01 AM,09/02/2022 05:01 AM,5,2,2
422,76,151,T22,36.013638849457934,36.036194064880284,36.32190517654434,36.1176270759873,9,23,8,09/05/2022,06:01 AM,09/05/2022 06:01 AM,3,3,6
269,282,15,T149,36.39022624804077,36.770791677643786,36.64326167941466,36.76346431221557,14,27,6,04/28/2022,11:46 AM,04/28/2022 11:46 AM,4,1,1
421,17,160,T320,36.064271074447156,36.346818411539786,36.403335173051055,36.933378454117474,17,24,18,07/08/2022,06:54 PM,07/08/2022 06:54 PM,5,0,1
349,258,318,T184,36.27873376016904,36.63567729980502,36.798615921244526,36.16647073970229,17,30,9,08/17/2022,01:01 PM,08/17/2022 01:01 PM,3,0,1
201,69,167,T413,36.047995103071564,36.07399322570376,36.489296811050885,36.55870984049229,14,17,9,08/13/2022,10:10 PM,08/13/2022 10:10 PM,4,4,10
379,113,252,T24,36.32472454791432,36.85576892531982,36.178002608608814,36.7395883978719,12,6,11,09/17/2022,04:57 PM,09/17/2022 04:57 PM,3,4,10
96,300,427,T25,36.97227445492692,36.27177538555153,36.233121551036376,36.28912868573118,19,15,19,09/17/2022,11:11 PM,09/17/2022 11:11 PM,4,1,1
174,338,379,T402,36.81474759125375,36.259911322336414,36.01698062762575,36.09978406882877,11,13,13,08/10/2022,01:33 AM,08/10/2022 01:33 AM,4,3,6
84,410,201,T84,36.66929512177335,36.68977718005667,36.066935572998524,36.13740646481499,20,12,18,09/30/2022,06:02 PM,09/30/2022 06:02 PM,4,4,10
272,23,135,T167,36.38238671452738,36.676648753979,36.76125269576514,36.143743219661985,6,11,17,01/10/2022,10:06 AM,01/10/2022 10:06 AM,5,1,1
55,243,324,T337,36.47583059921439,36.58812422076296,36.25658960095035,36.43386333750476,13,29,11,04/24/2022,11:58 AM,04/24/2022 11:58 AM,5,3,6
306,218,154,T196,36.434195704077894,36.99341147421665,36.12372511173654,36.18375990556661,18,27,18,05/25/2022,09:28 AM,05/25/2022 09:28 AM,5,4,10
240,20,410,T285,36.05755223564338,36.41884268624318,36.7103622934779,36.630295104709305,15,16,7,10/14/2022,12:36 PM,10/14/2022 12:36 PM,3,5,12
9,357,29,T44,36.31495045930569,36.787787327077844,36.27430194938651,36.265457133467464,5,20,13,03/16/2022,08:32 AM,03/16/2022 08:32 AM,4,2,2
284,84,306,T422,36.83014410774707,36.02348969062,36.23468306018829,36.168587039293584,13,27,5,09/04/2022,11:00 PM,09/04/2022 11:00 PM,3,5,12
377,281,238,T362,36.55828451482431,36.78865022756125,36.9849501938756,36.68930851010412,14,29,20,04/26/2022,03:27 PM,04/26/2022 03:27 PM,3,4,10
416,226,354,T173,36.15934781821735,36.090288829095094,36.97227476693039,36.92612337870905,10,9,9,07/20/2022,10:35 AM,07/20/2022 10:35 AM,3,1,1
64,113,426,T190,36.505075190125524,36.952693819697046,36.51451223977054,36.826312898630654,7,14,9,10/04/2022,07:40 PM,10/04/2022 07:40 PM,3,0,1
246,154,42,T64,36.779289624509516,36.062857345675745,36.90709664079305,36.97205485527138,13,19,7,03/30/2022,05:07 PM,03/30/2022 05:07 PM,5,0,1
59,219,390,T268,36.49714110611328,36.325517972130214,36.34076573805317,36.45179953524408,15,15,16,03/28/2022,12:24 PM,03/28/2022 12:24 PM,3,1,1
261,86,220,T93,36.7036928509876,36.58370943321614,36.8940717351053,36.858158034887346,17,11,8,07/22/2022,01:28 PM,07/22/2022 01:28 PM,4,2,2
336,411,386,T304,36.173756123323415,36.44659038346835,36.759614407947474,36.06720269646336,14,12,5,07/14/2022,11:54 AM,07/14/2022 11:54 AM,4,0,1
152,260,424,T420,36.16713199047266,36.61544332008468,36.24430591373376,36.48692357632934,11,17,16,11/10/2022,12:46 AM,11/10/2022 12:46 AM,5,3,6
72,404,335,T318,36.375179683048955,36.80441219279673,36.651051739865125,36.392458554578376,17,17,19,02/22/2022,03:25 AM,02/22/2022 03:25 AM,4,1,1
243,228,98,T365,36.07321265839189,36.55486962999266,36.29179081677551,36.296748269465894,19,30,12,04/23/2022,11:17 AM,04/23/2022 11:17 AM,4,4,10
87,298,389,T74,36.63810791671472,36.296498171868066,36.93566284046584,36.96748600927125,10,6,19,09/07/2022,01:14 PM,09/07/2022 01:14 PM,4,4,10
312,425,183,T402,36.396240412875315,36.847463038579875,36.24873285047659,36.40144564951445,6,23,10,04/12/2022,04:34 AM,04/12/2022 04:34 AM,3,2,2
358,178,200,T292,36.56150741447779,36.78273277059324,36.655066821261215,36.85982132529939,13,14,20,06/22/2022,07:58 PM,06/22/2022 07:58 PM,3,1,1
182,118,56,T320,36.97283554974403,36.679779321957284,36.56742833213522,36.663492017459596,15,23,5,04/24/2022,10:24 AM,04/24/2022 10:24 AM,3,2,2
318,108,380,T204,36.1548003034257,36.06969322852467,36.37122174132211,36.422485689077476,9,10,8,01/06/2023,02:51 AM,01/06/2023 02:51 AM,3,5,12
86,244,155,T229,36.15731431031142,36.89579180586097,36.49211521581235,36.50107049800182,8,30,14,04/22/2022,12:12 AM,04/22/2022 12:12 AM,4,0,1
12,186,48,T237,36.25505573200245,36.07963271851249,36.88809254522408,36.37787803888843,20,23,5,08/15/2022,05:13 PM,08/15/2022 05:13 PM,3,0,1
247,366,180,T377,36.41873142762803,36.10937074772997,36.49849582544414,36.925545670906935,19,20,18,06/03/2022,04:12 PM,06/03/2022 04:12 PM,4,4,10
184,293,100,T400,36.59075794153439,36.192900878801275,36.161363426205426,36.741904096034794,6,11,11,10/19/2022,07:36 AM,10/19/2022 07:36 AM,4,3,6
76,57,79,T91,36.986446161888885,36.18900046524994,36.14569226304335,36.1175398821494,5,6,18,12/15/2022,04:34 PM,12/15/2022 04:34 PM,5,5,12
429,375,148,T386,36.74856830479054,36.41290073099235,36.67668025387359,36.5521010112804,15,27,12,02/14/2022,04:40 PM,02/14/2022 04:40 PM,3,5,12
96,187,5,T61,36.78339302672883,36.84474931647794,36.61143132900459,36.00383500549722,12,11,7,08/24/2022,03:45 AM,08/24/2022 03:45 AM,3,1,1
280,188,38,T147,36.541897330292315,36.229028261262435,36.217176143965155,36.658009460876144,5,9,9,07/08/2022,05:33 PM,07/08/2022 05:33 PM,4,0,1
174,21,229,T297,36.10671982095939,36.395964110793706,36.26046386858321,36.08682356518069,14,7,16,06/25/2022,06:35 PM,06/25/2022 06:35 PM,3,3,6
366,316,30,T49,36.9001661750253,36.78436277875597,36.78513326190955,36.77888703039435,17,18,6,09/29/2022,04:30 PM,09/29/2022 04:30 PM,3,2,2
105,230,64,T118,36.07336842369308,36.30622419454091,36.59102625564822,36.40659399489476,10,14,5,10/19/2022,01:24 AM,10/19/2022 01:24 AM,4,3,6
399,118,305,T123,36.648178093994325,36.058137917444796,36.881390998776105,36.583972789061576,18,7,19,09/06/2022,06:17 AM,09/06/2022 06:17 AM,3,4,10
181,68,217,T323,36.48327523262815,36.31341483576947,36.10232573785868,36.284019177429414,11,23,9,11/14/2022,03:01 AM,11/14/2022 03:01 AM,3,3,6
49,90,289,T28,36.10700106970025,36.82209128085461,36.17258338468847,36.02167116561545,9,6,10,08/08/2022,08:19 PM,08/08/2022 08:19 PM,3,3,6
253,240,388,T175,36.58118228883902,36.32638948362838,36.37368756038903,36.80621807202536,5,15,18,02/13/2022,07:23 AM,02/13/2022 07:23 AM,5,5,12
309,306,300,T425,36.10708156909446,36.33819235036369,36.80855396422437,36.65400154159166,9,23,15,09/09/2022,11:39 AM,09/09/2022 11:39 AM,3,2,2
111,0,15,T134,36.26266013669626,36.02693672475854,36.24893510487925,36.622024977627675,9,13,9,10/12/2022,11:56 PM,10/12/2022 11:56 PM,4,3,6
376,243,190,T318,36.393921482149175,36.37614477351788,36.128701107783165,36.314058178526814,11,23,13,08/26/2022,11:07 AM,08/26/2022 11:07 AM,4,3,6
45,346,67,T438,36.39278862953396,36.81169526481146,36.75227202759855,36.19907132323387,11,10,18,07/21/2022,10:43 PM,07/21/2022 10:43 PM,5,2,2
186,79,18,T197,36.23358296719055,36.40067425400845,36.43959230639736,36.12428402454149,10,16,17,09/29/2022,03:12 AM,09/29/2022 03:12 AM,5,0,1
75,149,408,T402,36.063222208460296,36.64640118144449,36.63794332808916,36.98271972848191,10,21,5,01/02/2023,08:12 PM,01/02/2023 08:12 PM,3,0,1
211,361,45,T175,36.229005272293236,36.75268676647446,36.499866746806994,36.397719958584254,8,21,5,03/21/2022,05:13 PM,03/21/2022 05:13 PM,4,0,1
16,377,214,T24,36.90014274891091,36.16175557132518,36.20138391317349,36.745630898311774,6,14,15,06/25/2022,01:54 PM,06/25/2022 01:54 PM,4,1,1
209,252,150,T132,36.78978578861874,36.61898498032565,36.73466466041221,36.80901780309253,13,22,7,04/25/2022,02:05 PM,04/25/2022 02:05 PM,4,4,10
220,413,243,T71,36.64490609408724,36.97704002381722,36.127292061006024,36.44839202962718,15,24,17,11/24/2022,08:58 PM,11/24/2022 08:58 PM,3,0,1
66,413,327,T148,36.48165255779804,36.842157830065474,36.35338921710229,36.860212614555195,19,26,10,04/09/2022,02:57 PM,04/09/2022 02:57 PM,5,0,1
401,106,144,T402,36.408159160529365,36.942990286061324,36.46860534283669,36.56723130766336,13,16,17,05/02/2022,10:20 AM,05/02/2022 10:20 AM,5,1,1
222,361,209,T325,36.865034353923825,36.573743116822364,36.48983825736744,36.12705543305938,17,5,8,10/11/2022,08:04 AM,10/11/2022 08:04 AM,5,5,12
273,67,374,T164,36.4576679411628,36.321897155171854,36.64907299733236,36.90816852314425,15,22,7,12/25/2022,04:17 AM,12/25/2022 04:17 AM,4,4,10
3,46,64,T32,36.215907180546594,36.873804684713406,36.79039571688057,36.70559011043477,5,14,15,09/02/2022,10:46 AM,09/02/2022 10:46 AM,4,5,12
228,286,43,T419,36.29975857702248,36.379575783026915,36.64975009582519,36.11973214546031,18,19,12,02/21/2022,06:35 PM,02/21/2022 06:35 PM,5,2,2
275,69,39,T346,36.60222648858911,36.66804352549602,36.48437953240245,36.98945830237253,5,26,18,10/04/2022,04:48 AM,10/04/2022 04:48 AM,5,1,1
241,203,426,T20,36.96719233531183,36.91138032734361,36.097540438463405,36.54685713276635,12,12,11,05/17/2022,01:47 PM,05/17/2022 01:47 PM,4,2,2
209,68,242,T273,36.28008020089663,36.16413218231123,36.29805474439967,36.101187719269426,10,13,7,01/30/2022,05:07 AM,01/30/2022 05:07 AM,3,5,12
158,276,193,T206,36.163531595985155,36.347482798287196,36.85982555753415,36.6107662459611,11,24,20,08/30/2022,11:12 AM,08/30/2022 11:12 AM,4,1,1
12,267,105,T176,36.178712927296075,36.46640453970784,36.38798259690257,36.59157371871788,12,7,18,03/31/2022,04:14 AM,03/31/2022 04:14 AM,3,2,2
346,8,387,T118,36.133962795955924,36.63913218249345,36.894878145200174,36.20950191309851,11,9,10,09/09/2022,08:54 AM,09/09/2022 08:54 AM,4,0,1
16,382,377,T80,36.415642006574714,36.118012189665414,36.443010569774174,36.25885474072554,9,15,14,07/09/2022,12:33 AM,07/09/2022 12:33 AM,4,5,12
320,115,276,T385,36.15544466731111,36.93033060883687,36.77955974353683,36.68632757973095,14,5,14,04/01/2022,09:27 PM,04/01/2022 09:27 PM,5,5,12
24,408,363,T52,36.6861989835604,36.58390122067799,36.96443740148441,36.82863557375347,12,15,6,02/05/2022,03:50 AM,02/05/2022 03:50 AM,5,4,10
376,366,349,T309,36.48008546892998,36.70323277347986,36.68911935684952,36.95318874193778,9,8,19,06/11/2022,07:10 AM,06/11/2022 07:10 AM,4,2,2
424,404,360,T122,36.752623773168835,36.55526039959126,36.3427333768359,36.59915873632361,19,22,20,08/10/2022,12:32 AM,08/10/2022 12:32 AM,4,1,1
162,205,39,T317,36.75587137059508,36.34269954881975,36.65227981888738,36.33036596301851,10,21,9,11/27/2022,07:30 AM,11/27/2022 07:30 AM,4,3,6
71,105,381,T5,36.383474162246465,36.88221455023951,36.46462347701341,36.009490537670295,17,21,9,05/10/2022,08:49 PM,05/10/2022 08:49 PM,4,4,10
320,215,12,T210,36.16598981874253,36.65321185941423,36.9587779826223,36.13133906888545,18,25,18,05/04/2022,10:33 PM,05/04/2022 10:33 PM,4,5,12
428,65,68,T293,36.22572886730092,36.137582303942104,36.611537672036306,36.007179300375924,12,22,10,07/01/2022,09:58 PM,07/01/2022 09:58 PM,5,4,10
265,374,264,T370,36.215822186917535,36.6529969782544,36.129877982857785,36.592782880348594,6,28,6,12/17/2022,04:04 AM,12/17/2022 04:04 AM,3,4,10
32,283,185,T399,36.67812951395951,36.62922404751912,36.61419604748219,36.66362903268684,9,8,13,08/04/2022,09:44 AM,08/04/2022 09:44 AM,5,0,1
225,47,143,T280,36.33791786860327,36.655893985177435,36.26361767918103,36.689308387410705,18,17,10,06/22/2022,07:27 PM,06/22/2022 07:27 PM,3,4,10
412,115,92,T330,36.59412643164459,36.454367562724926,36.13510240529972,36.975202131116966,13,15,9,08/20/2022,05:03 PM,08/20/2022 05:03 PM,3,4,10
183,132,47,T316,36.059687585718095,36.891759360815215,36.295491970018446,36.146392775550424,16,18,5,12/31/2022,10:24 AM,12/31/2022 10:24 AM,5,1,1
353,410,12,T117,36.49297943734928,36.52593354533892,36.45007170106859,36.886481409370795,13,24,12,02/17/2022,11:10 PM,02/17/2022 11:10 PM,5,2,2
243,390,91,T0,36.33630196178184,36.24207071951604,36.52544086150384,36.034999831275655,13,5,14,08/29/2022,12:46 PM,08/29/2022 12:46 PM,5,2,2
66,403,355,T233,36.59152852913581,36.73944332388175,36.547727977083845,36.116608602195186,12,7,9,01/22/2022,10:08 PM,01/22/2022 10:08 PM,5,2,2
427,367,314,T232,36.69997124654337,36.95750357144399,36.00367864125639,36.7988788930787,14,27,17,07/16/2022,09:15 PM,07/16/2022 09:15 PM,5,5,12
350,155,344,T309,36.89416131588806,36.609177849165896,36.49241038852908,36.29424931781536,6,25,13,08/19/2022,06:26 AM,08/19/2022 06:26 AM,4,4,10
62,295,41,T145,36.07242458804627,36.42080331657728,36.79829163824107,36.99143784463724,11,5,11,05/18/2022,04:31 PM,05/18/2022 04:31 PM,4,4,10
104,98,4,T412,36.49431799944611,36.50223868002335,36.05975939247624,36.3840862687925,7,23,5,09/18/2022,09:44 PM,09/18/2022 09:44 PM,5,3,6
242,95,360,T222,36.20148527082204,36.133187675947596,36.32164481463821,36.043970701024,14,24,9,04/05/2022,09:49 AM,04/05/2022 09:49 AM,3,3,6
394,384,53,T10,36.41116326847234,36.200163977187614,36.255766739473145,36.669732562034646,19,17,20,10/28/2022,01:40 AM,10/28/2022 01:40 AM,4,3,6
344,210,336,T129,36.73500931488892,36.18005000878362,36.613237013569545,36.59830541568077,15,11,19,05/13/2022,10:00 PM,05/13/2022 10:00 PM,5,2,2
288,32,8,T157,36.521013963098504,36.61355093184991,36.97930599131869,36.683133080766446,13,25,10,05/27/2022,06:40 PM,05/27/2022 06:40 PM,5,0,1
312,131,276,T217,36.87079846823013,36.73721295601648,36.998732219223534,36.46752136312936,19,30,12,09/20/2022,12:02 AM,09/20/2022 12:02 AM,5,0,1
15,169,291,T274,36.59707880859611,36.07713954558984,36.37156525684375,36.832760655229954,14,20,18,02/26/2022,08:49 AM,02/26/2022 08:49 AM,3,2,2
299,427,317,T175,36.40218939381057,36.36586310488221,36.96364700866459,36.19880784380111,8,10,7,12/30/2022,08:59 AM,12/30/2022 08:59 AM,3,2,2
282,407,387,T355,36.65781996310251,36.019622135539684,36.011203904766674,36.23575823532346,8,5,14,08/14/2022,10:55 AM,08/14/2022 10:55 AM,4,1,1
110,288,76,T386,36.645564406567395,36.80312865249476,36.07910065575535,36.81387793217489,19,9,5,01/12/2022,08:26 PM,01/12/2022 08:26 PM,5,5,12
230,207,417,T360,36.30579469225816,36.13058647070849,36.58999650319099,36.492703324280704,15,25,9,11/07/2022,10:10 AM,11/07/2022 10:10 AM,4,2,2
21,159,151,T85,36.98483943706878,36.44468930723312,36.59575267925476,36.14010770777782,8,7,19,12/31/2022,06:14 AM,12/31/2022 06:14 AM,3,3,6
245,18,7,T5,36.46445785485958,36.602309620731035,36.97642085273776,36.72421890474909,15,13,13,12/23/2022,01:38 AM,12/23/2022 01:38 AM,5,2,2
336,355,9,T45,36.21467409088687,36.711460833976346,36.058330981607185,36.49397989926422,17,20,12,04/01/2022,08:52 AM,04/01/2022 08:52 AM,5,2,2
389,90,272,T326,36.466960528701314,36.74985735443444,36.4859746964395,36.428291091407935,14,15,16,01/30/2022,09:12 AM,01/30/2022 09:12 AM,3,4,10
83,204,160,T97,36.560016702926866,36.99689289692934,36.4403599240383,36.487640319720114,16,26,20,08/02/2022,05:37 PM,08/02/2022 05:37 PM,4,3,6
289,78,314,T361,36.74801973901897,36.256116871278884,36.08874325110396,36.683920626916,5,26,15,09/05/2022,08:46 AM,09/05/2022 08:46 AM,5,3,6
57,36,277,T267,36.01348405610245,36.26804357821823,36.91622024248073,36.12163916220898,14,6,5,07/13/2022,03:19 PM,07/13/2022 03:19 PM,4,0,1
0,78,72,T29,36.280344466763985,36.996773625288334,36.8398121920474,36.36037470988866,8,28,16,02/23/2022,04:06 PM,02/23/2022 04:06 PM,5,4,10
67,15,320,T219,36.26210100163095,36.55924881598922,36.318447125073256,36.28509657573911,10,25,14,10/04/2022,12:38 PM,10/04/2022 12:38 PM,4,5,12
358,43,35,T184,36.511658637453024,36.04088710408176,36.54052240782855,36.592471748514036,15,8,7,12/01/2022,09:36 PM,12/01/2022 09:36 PM,4,2,2
122,406,340,T187,36.700076404464546,36.296063035013205,36.588807748317116,36.338837823841054,15,18,19,12/20/2022,08:16 PM,12/20/2022 08:16 PM,5,2,2
378,427,348,T296,36.44316124920433,36.87926117203937,36.58919105512811,36.376245176187,18,18,8,10/15/2022,04:12 AM,10/15/2022 04:12 AM,5,3,6
385,219,206,T416,36.43828224788566,36.96056412720821,36.362428021541405,36.02709985981515,19,20,19,05/07/2022,12:14 AM,05/07/2022 12:14 AM,4,5,12
198,160,227,T207,36.9269563202175,36.04799575329242,36.40010455124261,36.425354917992955,20,7,13,04/19/2022,07:06 AM,04/19/2022 07:06 AM,3,5,12
246,322,190,T386,36.02006017204093,36.68041835485482,36.09051788539643,36.66204881573084,18,16,11,04/10/2022,11:21 AM,04/10/2022 11:21 AM,4,5,12
222,90,39,T257,36.89243209945747,36.05109311192942,36.3462861853511,36.383733762374874,14,7,14,06/09/2022,07:36 PM,06/09/2022 07:36 PM,3,2,2
273,5,412,T287,36.13251670316963,36.434695852921664,36.22792567836105,36.47839452488977,12,22,9,01/11/2022,06:14 AM,01/11/2022 06:14 AM,5,1,1
316,381,261,T370,36.79569747589867,36.43703833652883,36.075671215951154,36.135198673619996,7,16,8,01/21/2022,07:02 PM,01/21/2022 07:02 PM,5,3,6
49,209,28,T346,36.381500706517,36.44381789855455,36.919988103441526,36.90679361586145,14,8,14,12/24/2022,10:34 AM,12/24/2022 10:34 AM,3,1,1
113,126,205,T181,36.27554062533152,36.950680807442424,36.59274854547285,36.01437183018198,5,14,9,03/15/2022,08:42 AM,03/15/2022 08:42 AM,5,4,10
429,72,323,T340,36.820246762855376,36.59744370735884,36.994585054938156,36.95194925032498,17,30,20,01/07/2023,01:04 AM,01/07/2023 01:04 AM,4,2,2
336,296,200,T370,36.28307115406694,36.19071549301995,36.356628353659424,36.042041951049946,18,16,17,07/07/2022,04:21 PM,07/07/2022 04:21 PM,4,1,1
214,161,40,T378,36.69465569319157,36.962015727504486,36.67891216279914,36.230103787561504,11,11,18,06/11/2022,07:32 AM,06/11/2022 07:32 AM,4,4,10
298,381,155,T129,36.41952404900333,36.96002796254356,36.41545723413859,36.65779064048634,14,20,9,09/10/2022,06:59 PM,09/10/2022 06:59 PM,5,2,2
186,177,289,T21,36.98053182478287,36.66367043220745,36.45185442652045,36.37677387312504,10,21,20,05/12/2022,01:23 AM,05/12/2022 01:23 AM,5,0,1
127,360,280,T33,36.87906044554514,36.91144127728945,36.91038863858623,36.69395512844497,9,21,16,05/31/2022,04:50 AM,05/31/2022 04:50 AM,3,5,12
413,317,270,T23,36.94596709685378,36.330068968602006,36.352844100691975,36.972142318011244,17,14,19,10/22/2022,12:26 PM,10/22/2022 12:26 PM,4,5,12
217,262,43,T286,36.114678806962694,36.58897798151489,36.24030184733332,36.911319160102245,12,29,13,01/28/2022,05:20 PM,01/28/2022 05:20 PM,5,3,6
18,354,194,T130,36.0817945763109,36.07812339014215,36.7261473819622,36.04768357174244,19,8,5,10/17/2022,09:50 AM,10/17/2022 09:50 AM,4,1,1
1,232,123,T337,36.86021526498126,36.4049996125749,36.48884642543297,36.31657582441009,18,7,18,02/25/2022,09:49 PM,02/25/2022 09:49 PM,3,5,12
149,224,273,T186,36.13687267145029,36.178479937852934,36.707473782146856,36.03611065608976,20,25,12,08/21/2022,03:07 PM,08/21/2022 03:07 PM,4,4,10
79,354,154,T199,36.82242932795308,36.89492365808137,36.04002756948076,36.76372852434633,19,6,17,05/18/2022,07:25 AM,05/18/2022 07:25 AM,3,0,1
409,174,180,T105,36.16286327553382,36.10239992185077,36.4166908566143,36.993056980844386,6,21,16,09/22/2022,05:24 AM,09/22/2022 05:24 AM,5,5,12
283,324,78,T283,36.75399231578335,36.98702866448735,36.81243821709375,36.90052384712797,13,10,10,08/06/2022,09:20 PM,08/06/2022 09:20 PM,3,0,1
187,410,375,T154,36.70562723361597,36.25615063541069,36.961848294673906,36.28486230331754,15,12,6,01/30/2022,03:27 AM,01/30/2022 03:27 AM,4,3,6
245,395,1,T330,36.22626491390153,36.122973010522514,36.44334735332963,36.892034036721846,8,22,19,02/06/2022,11:49 AM,02/06/2022 11:49 AM,4,1,1
19,281,347,T71,36.05680112722282,36.42091897947488,36.75851396575433,36.3159065463452,10,26,6,07/21/2022,12:22 PM,07/21/2022 12:22 PM,5,2,2
157,221,210,T310,36.993558075422406,36.57348675612126,36.48891304383823,36.051122917953016,11,18,12,08/05/2022,10:08 PM,08/05/2022 10:08 PM,3,3,6
343,192,124,T301,36.06375226262654,36.27713472891783,36.627940970805,36.83830860100302,12,28,11,06/15/2022,06:53 PM,06/15/2022 06:53 PM,3,2,2
364,248,389,T263,36.302866963005094,36.94883946886209,36.36346843614879,36.129691214235514,19,20,13,07/10/2022,01:40 PM,07/10/2022 01:40 PM,3,5,12
114,237,320,T132,36.5646828807438,36.58454073497741,36.120955755306134,36.63932658802815,5,30,7,01/31/2022,02:32 AM,01/31/2022 02:32 AM,5,4,10
341,316,346,T242,36.86996099022102,36.15712859069586,36.49899077092035,36.27257486158744,8,15,6,01/31/2022,02:29 AM,01/31/2022 02:29 AM,3,1,1
117,241,76,T413,36.343119965332846,36.819410977404125,36.368329982884426,36.13077086969947,8,30,10,09/03/2022,10:30 PM,09/03/2022 10:30 PM,3,0,1
282,108,7,T380,36.74566330191932,36.25824912133306,36.65505916800969,36.01834132041252,18,13,14,02/06/2022,09:31 PM,02/06/2022 09:31 PM,3,0,1
285,279,258,T161,36.957393453950615,36.32877248725123,36.36727013293875,36.47911483356216,15,24,13,03/19/2022,08:01 AM,03/19/2022 08:01 AM,3,1,1
360,144,386,T68,36.64304662931206,36.35132291092411,36.33845860044323,36.13049541336731,9,27,19,04/03/2022,11:33 AM,04/03/2022 11:33 AM,5,3,6
127,281,9,T304,36.37558129045963,36.47885994984846,36.05886976848265,36.142493053123005,20,30,20,06/12/2022,11:36 AM,06/12/2022 11:36 AM,3,5,12
67,155,185,T194,36.276832840154384,36.75910635616026,36.52912378083894,36.70929521347563,17,6,9,11/16/2022,08:50 PM,11/16/2022 08:50 PM,5,3,6
12,216,162,T42,36.11131283357339,36.02269921877323,36.80390390405932,36.74870203255792,5,17,14,10/12/2022,03:58 AM,10/12/2022 03:58 AM,5,3,6
362,192,356,T232,36.84854501312866,36.757896224379614,36.1093416408122,36.925295413795176,20,7,8,10/11/2022,12:07 AM,10/11/2022 12:07 AM,3,1,1
158,238,18,T220,36.526794150537754,36.05826670682947,36.75823219849601,36.14969942255043,5,6,13,07/22/2022,09:54 PM,07/22/2022 09:54 PM,5,4,10
8,134,264,T163,36.34587648247111,36.30985587962976,36.9147040929865,36.10813660500542,7,11,11,05/04/2022,09:51 AM,05/04/2022 09:51 AM,5,0,1
342,296,50,T252,36.723400296022156,36.61551556910721,36.05855268177329,36.4107447657567,12,29,7,05/27/2022,07:43 AM,05/27/2022 07:43 AM,4,2,2
256,140,132,T18,36.19507798408327,36.0463914645734,36.289725964910446,36.4699698232111,20,9,8,05/21/2022,10:01 AM,05/21/2022 10:01 AM,3,5,12
243,293,379,T131,36.566360569924775,36.971744920422545,36.72396817926357,36.64449428969244,5,23,19,12/02/2022,10:30 AM,12/02/2022 10:30 AM,4,3,6
356,343,210,T374,36.0310349724769,36.00302123839495,36.50019794061294,36.42902397951497,11,26,8,06/20/2022,12:26 PM,06/20/2022 12:26 PM,5,1,1
2,64,189,T167,36.926238805475144,36.43847320969684,36.907637270091186,36.46131910909147,7,19,20,08/13/2022,04:02 PM,08/13/2022 04:02 PM,4,4,10
48,194,428,T67,36.32967383287216,36.53661785573984,36.71312300378915,36.85637984637007,5,12,5,08/02/2022,08:28 PM,08/02/2022 08:28 PM,5,3,6
30,77,373,T47,36.728440277393915,36.50340253011717,36.306978295323425,36.267413968242096,20,28,6,06/19/2022,12:49 PM,06/19/2022 12:49 PM,5,3,6
420,12,216,T163,36.98610086520621,36.88815557530059,36.4963130274237,36.19488566165856,9,12,15,01/28/2022,10:51 PM,01/28/2022 10:51 PM,3,3,6
159,368,vide,T254,36.74325007482651,36.325105748759455,36.18635558183246,36.14746969216981,7,27,12,03/31/2022,10:14 AM,03/31/2022 10:14 AM,5,5,12
215,42,vide,T309,36.394549430821655,36.6184289339101,36.914594688223936,36.341715409961374,15,14,8,02/09/2022,05:35 PM,02/09/2022 05:35 PM,5,1,1
160,149,vide,T226,36.53043130176565,36.23973203727891,36.5653642947218,36.454995863514974,16,6,15,10/29/2022,04:48 AM,10/29/2022 04:48 AM,3,5,12
33,343,vide,T26,36.99280913745889,36.863670699565404,36.9416029625649,36.017827146241416,19,23,20,04/22/2022,01:28 AM,04/22/2022 01:28 AM,3,5,12
202,145,vide,T155,36.59522478509441,36.67153042356362,36.906103965184954,36.858032680845874,18,17,5,08/02/2022,01:10 AM,08/02/2022 01:10 AM,3,3,6
303,318,vide,T410,36.729412741398356,36.04553644723292,36.81660080679952,36.69572206274374,8,13,18,01/10/2022,06:32 PM,01/10/2022 06:32 PM,5,2,2
91,134,vide,T362,36.707119335875824,36.46902184440132,36.20158942220079,36.717123408672926,11,9,15,06/12/2022,12:01 PM,06/12/2022 12:01 PM,3,3,6
102,372,vide,T89,36.67973880709275,36.292676281113884,36.10748486469046,36.12229782720316,12,7,6,02/21/2022,12:06 PM,02/21/2022 12:06 PM,4,4,10
68,363,vide,T165,36.626367354430265,36.11882322278554,36.48751265786904,36.52418818189557,17,9,14,03/11/2022,02:04 PM,03/11/2022 02:04 PM,5,4,10
401,176,vide,T118,36.5125320094389,36.36319303654788,36.65839421289219,36.43580648447327,20,6,14,12/24/2022,12:04 PM,12/24/2022 12:04 PM,3,2,2
338,230,vide,T106,36.51368588374974,36.39184637251788,36.48826902052495,36.59331299683123,5,19,16,02/23/2022,11:50 PM,02/23/2022 11:50 PM,3,2,2
421,192,vide,T420,36.6647165861878,36.74593777529677,36.12272077189531,36.26854683658109,10,28,17,06/02/2022,04:36 AM,06/02/2022 04:36 AM,4,2,2
319,173,vide,T59,36.867474343633226,36.09657840070735,36.87398664896806,36.93492098277149,9,30,11,06/08/2022,09:37 PM,06/08/2022 09:37 PM,3,3,6
182,358,vide,T140,36.25714771791789,36.47093385360827,36.03445737372909,36.99528736610632,9,28,17,08/27/2022,12:45 PM,08/27/2022 12:45 PM,4,0,1
116,48,vide,T330,36.78179099539592,36.75304213923316,36.44670821506592,36.0412479745907,11,10,20,08/06/2022,12:10 PM,08/06/2022 12:10 PM,4,2,2
216,157,vide,T424,36.644527736841226,36.123092222577995,36.636236357998754,36.515278190239556,13,10,5,04/27/2022,09:14 PM,04/27/2022 09:14 PM,3,3,6
184,13,vide,T3,36.197559422163145,36.076800875061785,36.77609581999595,36.99645298090146,9,20,17,12/14/2022,10:21 AM,12/14/2022 10:21 AM,3,2,2
305,332,vide,T249,36.593629215339384,36.953633253277815,36.63415396865062,36.93862362125776,10,10,15,01/22/2022,06:44 PM,01/22/2022 06:44 PM,5,1,1
274,270,vide,T352,36.01213166462779,36.308594932921515,36.028417705909426,36.61061144484973,8,20,20,11/12/2022,01:34 AM,11/12/2022 01:34 AM,4,1,1
260,112,vide,T73,36.08098078738336,36.368633758102206,36.778417671241534,36.04610931284991,9,12,14,04/30/2022,05:01 PM,04/30/2022 05:01 PM,4,0,1
77,156,vide,T236,36.93776558152536,36.85196867923093,36.92676275130278,36.06725625675596,18,9,9,05/25/2022,05:22 AM,05/25/2022 05:22 AM,4,2,2
190,231,vide,T102,36.014750315493266,36.556626937806506,36.79217692278546,36.99088096996258,20,17,9,02/21/2022,09:59 AM,02/21/2022 09:59 AM,3,3,6
323,92,vide,T4,36.40698097294071,36.07031803006319,36.10140409961368,36.41647235588251,15,21,14,07/21/2022,03:00 AM,07/21/2022 03:00 AM,3,3,6
10,332,vide,T412,36.97834117972728,36.34767373311617,36.678147292304224,36.421684935075575,19,28,5,01/24/2022,04:26 PM,01/24/2022 04:26 PM,5,4,10
302,265,vide,T434,36.47585502505377,36.393711517769134,36.09832888218852,36.80693987355433,14,18,11,11/26/2022,10:47 AM,11/26/2022 10:47 AM,5,2,2
225,49,vide,T188,36.556592354000415,36.67270432827935,36.16216492422018,36.82591531842356,9,22,19,02/07/2022,09:16 AM,02/07/2022 09:16 AM,5,5,12
168,50,vide,T209,36.800229105709796,36.521318040294375,36.10148547719389,36.51251812313035,16,11,6,10/26/2022,07:25 PM,10/26/2022 07:25 PM,3,3,6
352,26,vide,T75,36.10580742333482,36.405098282678594,36.01828852590693,36.66000957433156,14,15,6,11/12/2022,12:20 AM,11/12/2022 12:20 AM,4,4,10
212,298,vide,T64,36.85571915650689,36.13267435100292,36.3455913855128,36.13166850989722,19,19,20,04/18/2022,08:35 AM,04/18/2022 08:35 AM,5,3,6
357,282,vide,T163,36.164376990712626,36.90450175448939,36.50645616494906,36.9123606492402,5,19,8,05/20/2022,10:07 AM,05/20/2022 10:07 AM,3,0,1
78,215,vide,T292,36.66117649463166,36.29354500326207,36.77800232799495,36.351856087155376,17,6,18,11/26/2022,05:43 AM,11/26/2022 05:43 AM,4,4,10
85,337,vide,T154,36.23743335897096,36.61142977599655,36.9299393784589,36.214708300168155,18,12,16,05/23/2022,09:41 AM,05/23/2022 09:41 AM,3,5,12
84,187,vide,T85,36.96177262316315,36.96103071672662,36.36310529624923,36.929227208745445,14,13,14,07/11/2022,09:55 PM,07/11/2022 09:55 PM,5,4,10
106,180,vide,T188,36.127942635564395,36.445166977957776,36.82242970444409,36.519246686096984,15,7,15,08/05/2022,07:58 PM,08/05/2022 07:58 PM,5,2,2
279,164,vide,T46,36.14881843374113,36.9012012260657,36.12773336348184,36.730788982299515,6,15,17,12/03/2022,11:55 AM,12/03/2022 11:55 AM,4,2,2
367,418,vide,T354,36.95506350278878,36.286575563746425,36.193448087604885,36.30831825212593,12,26,18,02/05/2022,07:59 PM,02/05/2022 07:59 PM,5,2,2
88,328,vide,T406,36.28621706338507,36.773829999947424,36.79427601850614,36.731790232478836,9,13,5,03/21/2022,08:49 AM,03/21/2022 08:49 AM,3,1,1
258,210,vide,T133,36.3901044938937,36.8886061644517,36.89369326410016,36.746752031610804,10,22,15,04/09/2022,01:43 PM,04/09/2022 01:43 PM,5,2,2
225,375,vide,T201,36.61880033744988,36.463470016168884,36.5121476151064,36.47644951329833,14,12,13,02/14/2022,07:35 PM,02/14/2022 07:35 PM,4,3,6
106,313,vide,T327,36.89943460443584,36.6524512820387,36.92050991842332,36.981674472502846,20,27,14,02/10/2022,08:05 PM,02/10/2022 08:05 PM,4,0,1
163,173,vide,T171,36.66296389813327,36.595881703410896,36.492937923291365,36.339404523878194,7,7,10,04/14/2022,11:07 PM,04/14/2022 11:07 PM,5,3,6
176,218,vide,T420,36.533981329969805,36.47241140695173,36.39557630814417,36.728250882038694,15,9,18,01/27/2022,08:44 AM,01/27/2022 08:44 AM,5,3,6
388,157,vide,T74,36.225346042121394,36.66436973902765,36.18445445334699,36.8992659872121,12,19,8,10/29/2022,01:22 AM,10/29/2022 01:22 AM,3,5,12
283,340,vide,T242,36.452171268595336,36.44204209787911,36.88514130409506,36.05852128623081,14,15,16,07/12/2022,06:15 AM,07/12/2022 06:15 AM,4,4,10
254,19,vide,T103,36.968708041777184,36.125232024415844,36.50392992620629,36.29126487654297,12,12,6,03/18/2022,10:38 AM,03/18/2022 10:38 AM,5,2,2
298,159,vide,T344,36.60497424406721,36.65066897583594,36.99161311630708,36.24194665937121,15,26,13,12/17/2022,09:17 PM,12/17/2022 09:17 PM,3,5,12
299,78,vide,T133,36.423861967166985,36.09237857711116,36.76201535079629,36.44547570794207,6,6,7,12/28/2022,07:02 AM,12/28/2022 07:02 AM,3,0,1
314,324,vide,T56,36.05538925916329,36.977235199780864,36.197691186967695,36.79639477793468,6,14,20,03/12/2022,09:44 PM,03/12/2022 09:44 PM,3,1,1
332,102,vide,T197,36.97026065897787,36.0184985971986,36.09174356738904,36.95355923800915,11,14,17,04/11/2022,12:10 PM,04/11/2022 12:10 PM,5,1,1
49,243,vide,T399,36.03196549822705,36.8491563283257,36.963084599046546,36.53428883584418,19,21,19,12/17/2022,02:47 AM,12/17/2022 02:47 AM,5,4,10
163,167,vide,T314,36.58318196136453,36.63898236588346,36.6942802291206,36.67649331298609,9,11,9,05/18/2022,09:58 PM,05/18/2022 09:58 PM,3,4,10
398,95,vide,T12,36.64369798549154,36.330948863213656,36.175069424336556,36.378730346284485,12,12,16,03/08/2022,03:52 AM,03/08/2022 03:52 AM,4,4,10
29,62,vide,T359,36.96862436389202,36.1810273015276,36.133600185127776,36.93183531967418,18,13,11,07/20/2022,09:26 PM,07/20/2022 09:26 PM,3,5,12
264,65,vide,T295,36.78506268410915,36.018675758428984,36.69715694469196,36.00346239759628,7,14,13,04/28/2022,04:07 AM,04/28/2022 04:07 AM,5,3,6
380,322,vide,T384,36.92149932428431,36.05207610621918,36.182844770212384,36.43608394074636,19,20,8,01/18/2022,12:32 AM,01/18/2022 12:32 AM,3,4,10
97,424,vide,T224,36.565887655202054,36.39298512065534,36.84184241606919,36.01031759234441,9,30,20,08/12/2022,11:28 PM,08/12/2022 11:28 PM,4,0,1
357,272,vide,T128,36.0642249644304,36.67748572031094,36.462576649410806,36.940381832378115,19,22,6,04/01/2022,04:26 PM,04/01/2022 04:26 PM,4,0,1
353,417,vide,T3,36.035903915194325,36.43267092661732,36.03545959619514,36.793716506783234,7,14,11,05/11/2022,11:57 AM,05/11/2022 11:57 AM,3,5,12
94,23,vide,T428,36.23274564195853,36.7154447269791,36.30994946176139,36.764272020916934,10,12,15,05/28/2022,10:05 AM,05/28/2022 10:05 AM,5,5,12
429,415,vide,T313,36.956767747429645,36.24712266501271,36.13868057494857,36.9440190184551,12,26,13,09/06/2022,01:03 AM,09/06/2022 01:03 AM,4,1,1
183,266,vide,T388,36.70325053397994,36.16740991663457,36.25331326629431,36.743063156359995,5,22,8,12/29/2022,02:57 PM,12/29/2022 02:57 PM,5,5,12
397,83,vide,T258,36.29747499828469,36.6025508183804,36.62349428058639,36.13280118775104,6,11,6,11/18/2022,09:52 AM,11/18/2022 09:52 AM,5,0,1
338,310,vide,T275,36.88275013622048,36.89371066373825,36.79404911348364,36.982536432754685,8,20,5,11/21/2022,02:29 AM,11/21/2022 02:29 AM,3,4,10
420,220,vide,T6,36.7123466929373,36.54521604084071,36.39207267718597,36.198500134700275,17,24,20,12/03/2022,03:07 AM,12/03/2022 03:07 AM,4,2,2
405,300,vide,T179,36.08230657077234,36.5321534183855,36.093402127323024,36.79952873720413,6,6,12,10/14/2022,05:21 PM,10/14/2022 05:21 PM,5,2,2
70,107,vide,T379,36.266869110872925,36.82943464243147,36.336289219664685,36.36577345263898,5,5,15,07/31/2022,01:26 AM,07/31/2022 01:26 AM,4,1,1
332,127,vide,T192,36.92459050599696,36.05964400163719,36.23286614150615,36.41786960570599,13,20,12,09/25/2022,11:29 AM,09/25/2022 11:29 AM,3,2,2
32,211,vide,T332,36.452260168335016,36.612772595596546,36.530090584815255,36.5793083664496,9,11,15,05/28/2022,09:15 AM,05/28/2022 09:15 AM,4,3,6
164,95,vide,T333,36.51638682131005,36.372898676565086,36.03483344167044,36.39214420992973,9,10,6,09/14/2022,12:09 AM,09/14/2022 12:09 AM,5,0,1
51,213,vide,T40,36.13735391404198,36.52601077295345,36.50902057943876,36.26028952409778,13,13,6,06/14/2022,04:56 AM,06/14/2022 04:56 AM,5,5,12
206,50,vide,T311,36.628203024027066,36.03042114073736,36.66565945840659,36.07986228506616,10,30,11,01/21/2022,10:49 PM,01/21/2022 10:49 PM,3,2,2
142,41,vide,T262,36.38535938012977,36.31249577794369,36.80789538332703,36.25134260505712,19,26,6,11/17/2022,07:31 AM,11/17/2022 07:31 AM,3,0,1
28,201,vide,T240,36.69768240485486,36.005348292263136,36.10147916638458,36.49077805953742,18,14,16,04/12/2022,04:19 PM,04/12/2022 04:19 PM,3,2,2
428,178,vide,T226,36.48180958513929,36.62172979710448,36.94812686648106,36.68389548764121,17,9,14,05/05/2022,08:57 PM,05/05/2022 08:57 PM,4,2,2
22,75,vide,T205,36.75243601396381,36.78828834463961,36.29412948315409,36.693135166651814,18,24,9,07/21/2022,09:35 AM,07/21/2022 09:35 AM,3,3,6
425,198,vide,T350,36.5782490960773,36.79838589932504,36.9469144472666,36.91006618357613,7,17,19,06/13/2022,08:51 PM,06/13/2022 08:51 PM,4,3,6
36,342,vide,T198,36.95072407243282,36.288943812838404,36.526003163629085,36.374434850808186,6,5,20,04/16/2022,07:22 AM,04/16/2022 07:22 AM,5,1,1
198,369,vide,T176,36.43283089124255,36.25486314970613,36.730175130687634,36.59225603468656,19,17,18,10/04/2022,01:46 PM,10/04/2022 01:46 PM,4,2,2
211,371,vide,T258,36.25233308900061,36.12989744475959,36.93172695177109,36.98901474650819,14,16,18,12/04/2022,01:58 AM,12/04/2022 01:58 AM,5,3,6
371,96,vide,T429,36.044317451763476,36.3925229481042,36.18697159317948,36.68195430477269,9,28,17,12/15/2022,08:30 PM,12/15/2022 08:30 PM,3,3,6
424,417,vide,T156,36.258336662018124,36.972305232983494,36.41699270357151,36.34390644123701,13,10,5,09/07/2022,01:19 PM,09/07/2022 01:19 PM,3,0,1
211,190,vide,T259,36.60116180839335,36.68768219404849,36.30423854791367,36.309483237394524,16,25,14,08/01/2022,07:58 AM,08/01/2022 07:58 AM,5,4,10
287,371,vide,T104,36.511650496093345,36.3295573654383,36.83954574836173,36.105853173739746,10,17,12,07/27/2022,10:35 AM,07/27/2022 10:35 AM,4,3,6
69,179,vide,T230,36.3911958773349,36.808723502828904,36.77409889939262,36.85871480687779,5,15,5,12/14/2022,04:19 PM,12/14/2022 04:19 PM,3,5,12
39,233,vide,T1,36.57521073318041,36.1682456940912,36.3753811979146,36.37585180714557,7,9,10,05/13/2022,11:34 PM,05/13/2022 11:34 PM,5,1,1
155,416,vide,T103,36.112152137795725,36.72792104333529,36.5266750342384,36.57264785048773,10,21,20,01/29/2022,03:25 AM,01/29/2022 03:25 AM,5,4,10
27,272,vide,T15,36.05549535689207,36.03441993281024,36.51086302435093,36.34021574631024,17,6,20,03/01/2022,07:59 PM,03/01/2022 07:59 PM,3,5,12
1,102,vide,T353,36.35713311659807,36.41941446428188,36.541217749456315,36.14729021669018,5,19,13,04/12/2022,04:51 AM,04/12/2022 04:51 AM,4,2,2
250,136,vide,T400,36.971614897297435,36.37513983767342,36.006260294663186,36.20125695014112,20,30,15,02/05/2022,12:59 AM,02/05/2022 12:59 AM,3,3,6
145,209,vide,T59,36.82167279919734,36.272773582751505,36.2983996743409,36.08824992264592,14,28,11,05/09/2022,07:52 AM,05/09/2022 07:52 AM,4,4,10
248,304,vide,T392,36.43983404136776,36.84969798296705,36.96847180778684,36.0031152192354,17,6,5,11/29/2022,08:30 AM,11/29/2022 08:30 AM,3,1,1
210,121,vide,T136,36.051747674154484,36.804569261157255,36.69151176612213,36.727889522895055,11,26,9,06/26/2022,02:23 AM,06/26/2022 02:23 AM,5,1,1
364,390,vide,T192,36.71885870743671,36.813500961530096,36.26740196049287,36.9052620262844,9,26,15,11/11/2022,08:36 PM,11/11/2022 08:36 PM,5,3,6
313,366,vide,T61,36.623519195834646,36.78227447670365,36.10206762909499,36.01402378844787,5,9,5,04/19/2022,07:43 PM,04/19/2022 07:43 PM,4,1,1
328,92,vide,T171,36.273798979887616,36.88436524522329,36.91549529693994,36.11437181322623,10,12,16,05/05/2022,08:36 PM,05/05/2022 08:36 PM,4,2,2
225,361,vide,T130,36.61813753208328,36.87542775980936,36.12259443581167,36.150036581371204,15,22,18,04/23/2022,09:35 PM,04/23/2022 09:35 PM,3,5,12
383,15,vide,T319,36.034322312966395,36.17524921510657,36.909291400180614,36.61782982764853,11,29,14,08/28/2022,03:17 PM,08/28/2022 03:17 PM,3,1,1
343,255,vide,T217,36.06059132193434,36.5086419697193,36.818326782870045,36.6823295482327,18,20,11,05/21/2022,12:03 PM,05/21/2022 12:03 PM,4,0,1
126,294,vide,T27,36.22705121534768,36.20366017694571,36.671292028513726,36.520175888429755,5,19,9,01/29/2022,11:35 AM,01/29/2022 11:35 AM,5,4,10
213,187,vide,T97,36.78665700255704,36.88793957836182,36.83668831867394,36.54302497384367,6,22,12,09/04/2022,06:04 AM,09/04/2022 06:04 AM,3,4,10
298,36,vide,T194,36.72866350636677,36.89793283359309,36.926056285115465,36.98514915110884,16,26,15,11/21/2022,12:05 AM,11/21/2022 12:05 AM,3,1,1
90,187,vide,T367,36.526461271457606,36.91162429159008,36.34614978932865,36.47116639420402,13,14,9,03/19/2022,05:13 AM,03/19/2022 05:13 AM,3,0,1
211,380,vide,T294,36.93337459428396,36.4637581094553,36.9383979353175,36.20617464695822,5,19,5,06/25/2022,10:59 PM,06/25/2022 10:59 PM,4,1,1
405,265,vide,T346,36.945944752665895,36.65671816609259,36.45839084693416,36.2390596188814,17,20,12,06/19/2022,10:24 PM,06/19/2022 10:24 PM,5,4,10
408,326,vide,T197,36.15211598157628,36.621735485083484,36.124476832976335,36.71460497418877,18,28,18,02/07/2022,02:54 AM,02/07/2022 02:54 AM,5,3,6
364,254,vide,T317,36.28829881338497,36.90405714993906,36.2823526339273,36.70855456486489,9,13,9,09/10/2022,07:55 PM,09/10/2022 07:55 PM,3,5,12
110,262,vide,T374,36.31842531854315,36.748537504640886,36.77276244768725,36.40152216839164,16,18,20,04/20/2022,06:44 AM,04/20/2022 06:44 AM,4,1,1
283,353,vide,T191,36.66859580003953,36.7813985425679,36.04581122444709,36.84524007556097,12,23,13,05/09/2022,04:47 AM,05/09/2022 04:47 AM,5,4,10
243,86,vide,T194,36.234427472747015,36.782894059956895,36.64892380617593,36.317816699833685,10,30,7,08/19/2022,05:56 AM,08/19/2022 05:56 AM,3,1,1
157,417,vide,T182,36.683951567837255,36.145498507193494,36.69208277821893,36.197670450510294,6,23,5,09/13/2022,03:17 AM,09/13/2022 03:17 AM,5,5,12
222,148,vide,T10,36.103152332218556,36.543894855158236,36.55827025748295,36.42164203690372,15,23,19,07/04/2022,06:23 PM,07/04/2022 06:23 PM,4,2,2
198,34,vide,T58,36.582053457957436,36.18326520545294,36.812494169127234,36.05376953243065,5,15,19,10/15/2022,02:32 AM,10/15/2022 02:32 AM,4,0,1
297,371,vide,T201,36.98688533583497,36.118330829319,36.627521648083125,36.384129785377745,11,13,5,01/29/2022,10:21 AM,01/29/2022 10:21 AM,5,2,2
96,330,vide,T212,36.31637116391848,36.34911481956962,36.57362461357354,36.32033790438782,13,23,13,01/31/2022,09:50 AM,01/31/2022 09:50 AM,3,5,12
392,317,vide,T358,36.34928196661643,36.30240041731369,36.57058288917588,36.647064493191564,18,11,11,05/24/2022,06:10 AM,05/24/2022 06:10 AM,3,4,10
80,196,vide,T84,36.573228531208414,36.89719165334769,36.88882050890347,36.56092560742207,5,7,8,07/17/2022,04:34 AM,07/17/2022 04:34 AM,4,4,10
410,3,vide,T81,36.39341703736307,36.616896483056614,36.33391958605037,36.13861209274091,7,10,8,08/10/2022,01:13 AM,08/10/2022 01:13 AM,4,1,1
194,405,vide,T246,36.69879466676993,36.3780373886302,36.507934609074695,36.75370407447404,18,26,12,12/18/2022,08:57 AM,12/18/2022 08:57 AM,4,1,1
206,59,vide,T110,36.356696164462306,36.16040963023269,36.12632149126258,36.32030188021782,9,29,7,10/01/2022,06:46 PM,10/01/2022 06:46 PM,3,0,1
29,384,vide,T223,36.33185905078447,36.493307388256135,36.17440412521143,36.988897873935166,13,7,7,10/01/2022,05:42 PM,10/01/2022 05:42 PM,3,1,1
27,361,vide,T326,36.17756074410556,36.82159285468659,36.52208254052434,36.610891752814624,19,11,11,11/08/2022,08:46 AM,11/08/2022 08:46 AM,3,3,6
86,139,vide,T44,36.68934376896408,36.98371184467622,36.91859876537623,36.338844771686546,17,15,9,04/19/2022,01:33 PM,04/19/2022 01:33 PM,3,0,1
171,21,vide,T296,36.38857655808571,36.26591538149869,36.99607801440106,36.3435367927362,18,7,14,11/22/2022,11:02 PM,11/22/2022 11:02 PM,5,2,2
349,219,vide,T7,36.02505136549011,36.93039714592865,36.143710096845346,36.01846301000624,6,26,11,01/23/2022,03:55 AM,01/23/2022 03:55 AM,4,1,1
20,328,vide,T373,36.43826507038553,36.23176892021085,36.26828128798234,36.360458046804446,18,16,20,05/20/2022,01:35 AM,05/20/2022 01:35 AM,4,2,2
84,99,vide,T301,36.681224447591816,36.59694128871294,36.921359155506885,36.80275590774783,11,18,7,04/23/2022,03:50 PM,04/23/2022 03:50 PM,3,3,6
13,273,vide,T395,36.65454168268679,36.90193429641264,36.14364130906656,36.157099071322804,6,6,18,03/30/2022,01:23 PM,03/30/2022 01:23 PM,5,5,12
17,287,vide,T365,36.6134599702149,36.89441263573716,36.1923442667137,36.549469911710496,17,5,15,02/14/2022,08:52 PM,02/14/2022 08:52 PM,3,4,10
411,304,vide,T359,36.52063253339563,36.281090859650945,36.450754368665514,36.510111090639654,12,22,12,02/10/2022,08:47 AM,02/10/2022 08:47 AM,5,4,10
64,391,vide,T328,36.421466673948515,36.75222132317458,36.76277751768335,36.00104631791274,20,24,14,03/18/2022,02:29 AM,03/18/2022 02:29 AM,3,3,6
8,373,vide,T201,36.31977780214399,36.059881707881246,36.50117330788065,36.45781371994589,16,7,17,04/23/2022,06:20 AM,04/23/2022 06:20 AM,4,1,1
117,160,vide,T46,36.6119127343432,36.28037454005194,36.69671621331234,36.48702172473261,5,27,7,05/31/2022,12:39 AM,05/31/2022 12:39 AM,5,2,2
6,10,vide,T4,36.85666802843678,36.980316750471744,36.324059795823565,36.54606317609591,20,7,5,02/18/2022,06:18 AM,02/18/2022 06:18 AM,4,5,12
67,270,vide,T196,36.9508060148645,36.63956688266962,36.82633531552379,36.583038775379826,7,24,12,08/05/2022,06:59 PM,08/05/2022 06:59 PM,5,3,6
314,229,vide,T251,36.41708798033383,36.24182318430611,36.151133347672925,36.667961530794074,20,22,16,05/18/2022,09:43 AM,05/18/2022 09:43 AM,5,5,12
406,365,vide,T397,36.81483174719288,36.70388235398737,36.90970865296663,36.180437095487164,15,23,16,06/19/2022,06:48 PM,06/19/2022 06:48 PM,3,5,12
404,261,vide,T195,36.71446945799231,36.42233173247894,36.896397906261036,36.202050293431675,15,28,5,07/09/2022,11:36 PM,07/09/2022 11:36 PM,3,5,12
319,403,vide,T191,36.15005816661264,36.21719245316806,36.59843905846682,36.189898211465184,15,8,16,06/16/2022,02:22 AM,06/16/2022 02:22 AM,4,3,6
348,47,vide,T57,36.91697239194287,36.88674635209514,36.82819491153475,36.494965666685395,10,25,10,02/06/2022,10:49 PM,02/06/2022 10:49 PM,4,1,1
50,142,vide,T341,36.916031247918895,36.67821140849802,36.37547881658411,36.858884318453946,6,23,18,04/03/2022,03:08 AM,04/03/2022 03:08 AM,4,4,10
385,178,vide,T408,36.512816167910685,36.24910849642794,36.115004606618385,36.35287829421802,12,8,12,11/25/2022,09:19 PM,11/25/2022 09:19 PM,3,0,1
415,364,vide,T349,36.14539706539049,36.994972757368885,36.97460483181143,36.70263182972698,9,25,5,02/24/2022,11:35 AM,02/24/2022 11:35 AM,4,4,10
294,117,vide,T416,36.06625723637994,36.794102902418764,36.97074107291909,36.68096307247018,5,27,16,05/20/2022,05:42 AM,05/20/2022 05:42 AM,5,5,12
117,283,vide,T432,36.29001389700197,36.745173274075114,36.103560833375774,36.02428935412932,7,6,6,10/01/2022,02:39 AM,10/01/2022 02:39 AM,4,2,2
142,115,vide,T416,36.289695714940805,36.29771400855235,36.39808501967976,36.92654771094184,19,26,10,08/11/2022,05:31 AM,08/11/2022 05:31 AM,4,4,10
200,79,vide,T274,36.28633928616115,36.10970018630765,36.860273688066634,36.28806561881166,12,28,14,11/20/2022,05:26 PM,11/20/2022 05:26 PM,5,1,1
86,10,vide,T15,36.64330859126422,36.3541235022064,36.417993868687475,36.2853814221254,14,15,15,12/06/2022,10:13 PM,12/06/2022 10:13 PM,3,3,6
121,361,vide,T314,36.0474776638294,36.95162362945308,36.003267195881605,36.71562462415264,5,20,11,12/10/2022,05:06 AM,12/10/2022 05:06 AM,5,0,1
36,85,vide,T91,36.17620346111531,36.98591627513735,36.72326595258511,36.14383459940998,9,25,19,10/28/2022,03:47 AM,10/28/2022 03:47 AM,3,5,12
155,201,vide,T48,36.861016349206565,36.51869012730464,36.36027925500155,36.65653749055632,16,23,19,08/18/2022,09:07 AM,08/18/2022 09:07 AM,3,0,1
23,72,vide,T62,36.71350559429521,36.33537594561179,36.209881001772615,36.314682476552946,16,22,20,08/17/2022,08:21 AM,08/17/2022 08:21 AM,4,1,1
370,194,vide,T317,36.94587576679596,36.269156527093664,36.39225846772666,36.02137921442991,7,5,11,06/28/2022,12:42 AM,06/28/2022 12:42 AM,5,4,10
143,159,vide,T345,36.31137125614789,36.16795104217234,36.068130054189176,36.83019321077283,19,8,11,03/25/2022,08:28 AM,03/25/2022 08:28 AM,4,4,10
245,154,vide,T88,36.11032780539245,36.92687003509582,36.9335304466328,36.845243386552404,13,5,13,01/31/2022,03:22 PM,01/31/2022 03:22 PM,5,1,1
289,98,vide,T106,36.54885600371543,36.7814432592988,36.80497204272257,36.512697648496086,15,14,5,10/16/2022,06:20 AM,10/16/2022 06:20 AM,3,0,1
304,426,vide,T166,36.57102754349868,36.047485940351336,36.767859751547675,36.369698890034584,6,22,7,05/29/2022,12:14 PM,05/29/2022 12:14 PM,5,4,10
64,58,vide,T325,36.49730705132035,36.684394178124585,36.48083212868108,36.88350351366147,7,13,18,05/26/2022,05:20 AM,05/26/2022 05:20 AM,4,2,2
234,143,vide,T72,36.991051141301625,36.49135805452645,36.10944641701859,36.50879855956609,11,23,20,07/08/2022,10:25 AM,07/08/2022 10:25 AM,3,2,2
295,117,vide,T348,36.440418870945635,36.36830048259714,36.17400153903457,36.86124646014133,12,15,5,02/11/2022,01:02 AM,02/11/2022 01:02 AM,5,4,10
207,278,vide,T138,36.82074606646619,36.93409816300621,36.517362279240054,36.95239475571111,9,9,11,11/08/2022,09:33 PM,11/08/2022 09:33 PM,5,4,10
284,350,vide,T194,36.07916935658874,36.20935183191126,36.560211932511706,36.43252157946878,19,27,5,01/10/2022,11:30 AM,01/10/2022 11:30 AM,3,5,12
305,397,vide,T125,36.185537482173935,36.92664056362871,36.36354529850078,36.020969889695394,19,21,14,05/19/2022,08:21 PM,05/19/2022 08:21 PM,5,3,6
241,29,vide,T227,36.74845579606597,36.62934748245347,36.23842403152336,36.16182775627576,19,7,13,10/13/2022,03:25 AM,10/13/2022 03:25 AM,5,1,1
72,142,vide,T253,36.07913185303978,36.635591313137944,36.62192905748959,36.24326859078834,17,21,20,09/03/2022,01:20 AM,09/03/2022 01:20 AM,5,2,2
22,196,vide,T245,36.33735111304679,36.12426199036905,36.86099857087864,36.2790084539834,18,26,8,03/26/2022,08:21 PM,03/26/2022 08:21 PM,3,4,10
235,186,vide,T329,36.71868297974335,36.88981431942894,36.7639885911433,36.75771191932278,20,29,12,08/13/2022,07:50 AM,08/13/2022 07:50 AM,3,1,1
244,148,vide,T99,36.24503132995243,36.201499129105045,36.78347665400194,36.8088060656097,7,21,13,03/21/2022,10:29 PM,03/21/2022 10:29 PM,3,5,12
413,1,vide,T295,36.303898557243876,36.2566024617495,36.56077477138931,36.63507706959603,9,17,7,08/07/2022,04:50 AM,08/07/2022 04:50 AM,4,3,6
210,7,vide,T247,36.59164170770241,36.08182163128308,36.70330887672389,36.85400788339555,13,9,12,01/09/2022,10:43 PM,01/09/2022 10:43 PM,5,4,10
340,300,vide,T323,36.817119977792636,36.53655937533931,36.7463597707859,36.94518367479655,7,8,7,05/20/2022,07:07 AM,05/20/2022 07:07 AM,4,0,1
221,80,vide,T313,36.728216498352296,36.39993303785313,36.87872160145291,36.91750069233157,9,29,17,07/22/2022,12:44 AM,07/22/2022 12:44 AM,4,0,1
22,385,vide,T191,36.94343732248238,36.8974515015074,36.12721913961958,36.5901689807334,8,15,15,10/17/2022,07:19 AM,10/17/2022 07:19 AM,4,3,6
298,227,vide,T414,36.67282442621435,36.59072679413785,36.278796563771245,36.210479158476204,16,17,7,07/06/2022,12:55 PM,07/06/2022 12:55 PM,3,0,1
273,187,vide,T228,36.01261211048141,36.33189440166855,36.46310457049764,36.17636217053956,19,9,19,12/17/2022,03:10 PM,12/17/2022 03:10 PM,3,2,2
246,12,vide,T175,36.353192611787726,36.690860551160696,36.58471345409525,36.61418069625033,17,6,13,05/23/2022,04:21 AM,05/23/2022 04:21 AM,4,0,1
298,420,vide,T113,36.82293231104838,36.75324809925134,36.884487108638616,36.66561571178206,6,29,17,12/30/2022,11:13 AM,12/30/2022 11:13 AM,3,4,10
30,153,vide,T75,36.534889350562835,36.32268279678485,36.19737557249386,36.047276289512915,15,7,10,11/11/2022,02:09 PM,11/11/2022 02:09 PM,3,5,12
33,75,vide,T62,36.46863309542124,36.37430549741892,36.22087274928318,36.02908536283203,12,29,19,01/31/2022,09:38 PM,01/31/2022 09:38 PM,3,5,12
33,104,vide,T158,36.67783396918755,36.10647512230442,36.22742340611055,36.66871867317318,16,10,16,09/16/2022,05:47 AM,09/16/2022 05:47 AM,5,3,6
12,193,vide,T209,36.474603157011316,36.15267103503641,36.979096907457894,36.27656177143083,7,24,12,09/06/2022,10:59 PM,09/06/2022 10:59 PM,3,3,6
104,359,vide,T196,36.23304080312016,36.019515540143615,36.03237695207575,36.91322861116123,19,26,10,12/06/2022,03:48 PM,12/06/2022 03:48 PM,4,3,6
164,364,vide,T292,36.57774010414113,36.02258304115248,36.595578873414205,36.583148992732745,7,12,12,10/15/2022,07:48 PM,10/15/2022 07:48 PM,5,0,1
370,22,vide,T275,36.08215770171443,36.44944055857274,36.82682240154829,36.561158193804495,5,14,5,09/07/2022,07:39 AM,09/07/2022 07:39 AM,5,1,1
326,18,vide,T354,36.533901728776144,36.937963560187434,36.940744556538085,36.359542821233326,7,19,11,05/12/2022,07:50 PM,05/12/2022 07:50 PM,3,1,1
86,305,vide,T432,36.67246017809038,36.04945765993788,36.6748315143466,36.513204494413756,12,8,20,10/06/2022,06:18 PM,10/06/2022 06:18 PM,4,5,12
286,77,vide,T10,36.116537526869955,36.86262304329156,36.725802562637654,36.923058512093135,14,7,16,07/09/2022,01:45 AM,07/09/2022 01:45 AM,4,5,12
390,378,vide,T427,36.82423898364129,36.58452294666366,36.30233793348339,36.297721530978144,12,12,8,08/04/2022,02:08 PM,08/04/2022 02:08 PM,4,2,2
152,7,vide,T212,36.26617568505472,36.004485538624195,36.089868968243486,36.92078310419757,10,9,16,08/29/2022,11:27 AM,08/29/2022 11:27 AM,3,4,10
409,428,vide,T191,36.89152988319609,36.839828867464774,36.70171170551965,36.87591090794522,12,13,7,01/14/2022,11:13 AM,01/14/2022 11:13 AM,5,5,12
70,346,vide,T85,36.76275604880345,36.32716640374367,36.81620906824553,36.579944980183924,19,28,7,03/12/2022,04:30 PM,03/12/2022 04:30 PM,4,1,1
226,366,vide,T336,36.131417993085,36.13782589826041,36.69381814253657,36.61398906506198,10,22,13,02/15/2022,02:38 PM,02/15/2022 02:38 PM,4,2,2
260,414,vide,T47,36.41802192185663,36.28929555033675,36.07149340254111,36.952666033767954,6,20,13,12/27/2022,07:29 AM,12/27/2022 07:29 AM,4,1,1
58,31,vide,T41,36.28508617281657,36.33857227878157,36.391960853544965,36.629271079977904,6,5,11,07/02/2022,04:00 AM,07/02/2022 04:00 AM,4,3,6
151,368,vide,T87,36.29796000690127,36.836931178324164,36.65339566485583,36.705328452771056,15,18,9,04/24/2022,07:44 AM,04/24/2022 07:44 AM,5,4,10
74,372,vide,T375,36.97272030794592,36.66276403020435,36.13296831884967,36.27003136550666,16,24,7,03/28/2022,04:13 PM,03/28/2022 04:13 PM,4,0,1
367,397,vide,T175,36.84160222822721,36.52075769319102,36.06872109839227,36.065551290338334,15,23,8,09/23/2022,01:44 AM,09/23/2022 01:44 AM,4,5,12
100,394,vide,T331,36.045083940405405,36.969420105350174,36.359607518135654,36.57090354043083,5,11,17,05/06/2022,10:26 PM,05/06/2022 10:26 PM,4,5,12
174,16,vide,T376,36.03221287446077,36.74461977571054,36.43353635685132,36.53651133956188,12,5,20,12/28/2022,03:04 AM,12/28/2022 03:04 AM,4,2,2
93,125,vide,T24,36.05144993308949,36.35811210950983,36.693751870712276,36.41144962984423,15,16,20,09/16/2022,09:41 AM,09/16/2022 09:41 AM,4,5,12
184,vide,vide,T381,36.85287845795883,36.53315122939881,36.497390972286944,36.41588609860546,12,6,10,02/19/2022,06:51 PM,02/19/2022 06:51 PM,5,4,10
159,vide,vide,T48,36.45799209090122,36.121064579906545,36.420979539749695,36.692368105506205,14,24,7,08/08/2022,06:26 AM,08/08/2022 06:26 AM,3,3,6
241,vide,vide,T187,36.6049741002688,36.5069466710978,36.25596381578178,36.46219341430541,8,23,6,05/03/2022,01:36 AM,05/03/2022 01:36 AM,4,5,12
379,vide,vide,T300,36.215593332277486,36.228496169885126,36.94432690889862,36.917869468989096,20,21,17,06/18/2022,04:48 AM,06/18/2022 04:48 AM,3,3,6
178,vide,vide,T344,36.52407182643673,36.6080787009729,36.80974843793487,36.43651000279316,13,11,15,02/07/2022,01:04 AM,02/07/2022 01:04 AM,4,3,6
152,vide,vide,T197,36.03185566148503,36.3731397955661,36.791758510604105,36.6226197237578,8,27,18,07/31/2022,09:28 PM,07/31/2022 09:28 PM,0,3,6
368,vide,vide,T249,36.77485727386307,36.07613895223684,36.47298455795933,36.11706923361692,5,21,10,02/28/2022,11:43 AM,02/28/2022 11:43 AM,0,4,10
152,vide,vide,T31,36.97727551704936,36.89164821200206,36.06948911951971,36.95193799828555,9,12,19,02/19/2022,03:39 PM,02/19/2022 03:39 PM,1,1,1
430,vide,vide,T120,36.829149016563974,36.95903805958732,36.33512039780475,36.84281935150005,20,17,8,12/07/2022,02:20 AM,12/07/2022 02:20 AM,2,2,2
200,vide,vide,T52,36.99602144542294,36.214830777742705,36.22728147854985,36.96567105926036,10,28,19,09/29/2022,10:23 PM,09/29/2022 10:23 PM,5,0,1
301,vide,vide,T338,36.999747941825106,36.22965103975133,36.96085621459855,36.942911319194636,15,14,9,06/26/2022,04:26 PM,06/26/2022 04:26 PM,5,5,12
178,vide,vide,T200,36.43868537440746,36.439448577079425,36.559376466454324,36.124351818246986,15,12,8,09/04/2022,01:23 AM,09/04/2022 01:23 AM,4,3,6
176,vide,vide,T181,36.64849490997291,36.600405980007594,36.34148478974976,36.43041389289837,18,28,17,07/07/2022,09:30 AM,07/07/2022 09:30 AM,2,0,1
243,vide,vide,T60,36.87218530868261,36.21361527755456,36.92843553255901,36.695396695517196,9,23,16,08/05/2022,04:14 AM,08/05/2022 04:14 AM,1,1,1
343,vide,vide,T393,36.688839207868035,36.16675463608813,36.806070454175746,36.69606782703705,14,14,20,10/17/2022,08:35 AM,10/17/2022 08:35 AM,2,5,12
407,vide,vide,T50,36.598353534399806,36.127359232981526,36.53863416521913,36.26778815778299,7,23,11,07/11/2022,10:38 PM,07/11/2022 10:38 PM,2,0,1
144,vide,vide,T236,36.77331729831951,36.19238201400659,36.9921179675164,36.40208140429346,11,25,19,01/24/2022,11:48 AM,01/24/2022 11:48 AM,4,3,6
239,vide,vide,T411,36.830178255006615,36.567523248962495,36.8940919219158,36.3119241416551,7,8,20,06/25/2022,01:44 PM,06/25/2022 01:44 PM,0,4,10
82,vide,vide,T415,36.970111786680754,36.9344855298284,36.60564451691864,36.9217112339866,6,29,6,03/15/2022,01:34 AM,03/15/2022 01:34 AM,5,3,6
112,vide,vide,T140,36.274366148875444,36.731937198564125,36.326502062125996,36.27331175359051,6,21,16,07/29/2022,08:20 PM,07/29/2022 08:20 PM,0,4,10
77,vide,vide,T69,36.0733501745998,36.74184312000228,36.34160580890678,36.512438888425145,10,14,9,10/22/2022,03:04 AM,10/22/2022 03:04 AM,2,0,1
423,vide,vide,T96,36.19714435581298,36.436601618433365,36.40887461737092,36.99289056181925,16,18,13,09/22/2022,02:58 AM,09/22/2022 02:58 AM,3,5,12
140,vide,vide,T130,36.954345678165865,36.42904489930787,36.02954918304661,36.274865227546854,18,25,5,09/15/2022,08:20 AM,09/15/2022 08:20 AM,4,5,12
206,vide,vide,T265,36.16626090605452,36.92184592522404,36.40664391400742,36.027683252928185,10,10,9,04/29/2022,07:34 PM,04/29/2022 07:34 PM,2,2,2
93,vide,vide,T398,36.41285723460031,36.42888656153869,36.69158009089775,36.635175966784786,20,30,8,11/19/2022,02:02 AM,11/19/2022 02:02 AM,1,4,10
234,vide,vide,T276,36.33693155598089,36.4441671665762,36.97745860234878,36.45215162148571,6,8,8,01/01/2023,12:19 PM,01/01/2023 12:19 PM,0,4,10
303,vide,vide,T401,36.5522209163907,36.15564823458661,36.71297444543679,36.03068750152204,10,27,7,08/03/2022,09:26 AM,08/03/2022 09:26 AM,1,4,10
294,vide,vide,T231,36.79819951344489,36.26894783728309,36.60683180959334,36.82953159457793,20,18,13,10/10/2022,06:27 AM,10/10/2022 06:27 AM,2,4,10
161,vide,vide,T407,36.68776373575849,36.24134208509987,36.64364149682736,36.633717363850884,20,11,7,03/08/2022,03:19 PM,03/08/2022 03:19 PM,0,2,2
39,vide,vide,T335,36.2717298426638,36.11438476177511,36.54756482641624,36.93163226967269,7,16,8,12/02/2022,06:57 PM,12/02/2022 06:57 PM,3,1,1
331,vide,vide,T169,36.63699971077816,36.55948747805181,36.53817987321533,36.876584513856145,15,19,5,11/23/2022,03:47 AM,11/23/2022 03:47 AM,5,0,1
421,vide,vide,T158,36.72328950157333,36.186531692384605,36.16749673835618,36.92007909900338,15,24,20,01/03/2023,07:12 AM,01/03/2023 07:12 AM,0,2,2
395,vide,vide,T311,36.754231243256726,36.3811360499056,36.95549486689479,36.74942965882848,7,24,11,01/30/2022,05:24 AM,01/30/2022 05:24 AM,3,1,1
84,vide,vide,T189,36.002970784499034,36.46353140251858,36.3370121089561,36.738920729964846,11,21,17,01/27/2022,05:09 AM,01/27/2022 05:09 AM,2,2,2
5,vide,vide,T67,36.51254658227843,36.70143494414064,36.75547905008315,36.58690007053826,5,19,6,04/22/2022,02:29 PM,04/22/2022 02:29 PM,3,4,10
275,vide,vide,T60,36.11972798532691,36.43787402855932,36.33991907066772,36.56220801591482,10,24,8,03/20/2022,10:16 AM,03/20/2022 10:16 AM,4,3,6
336,vide,vide,T377,36.28300849583343,36.04955689516689,36.855540387199845,36.9341990630264,6,14,10,10/17/2022,08:36 AM,10/17/2022 08:36 AM,4,3,6
189,vide,vide,T124,36.86224585964222,36.65403173575879,36.651449746870014,36.87598067698874,14,28,5,02/17/2022,05:34 PM,02/17/2022 05:34 PM,1,2,2
234,vide,vide,T91,36.755710880761555,36.312418678665004,36.549038839882925,36.855591209842395,16,23,12,07/04/2022,07:32 PM,07/04/2022 07:32 PM,3,0,1
279,vide,vide,T210,36.71969954274671,36.424532096202725,36.695570747847206,36.96242967898092,19,8,15,09/17/2022,05:18 PM,09/17/2022 05:18 PM,3,2,2
244,vide,vide,T82,36.046103749517826,36.68574352580715,36.731497167804285,36.04456856276676,6,21,16,09/19/2022,05:50 AM,09/19/2022 05:50 AM,3,3,6
41,vide,vide,T20,36.48608254980837,36.13445770435978,36.562597750925626,36.21242480775726,8,30,19,12/07/2022,02:52 AM,12/07/2022 02:52 AM,5,2,2
117,vide,vide,T402,36.845546625734464,36.11357115795629,36.541228857571184,36.02222926066852,20,17,17,01/21/2022,10:27 AM,01/21/2022 10:27 AM,1,0,1
337,vide,vide,T129,36.47512609929861,36.86736758995987,36.821790662399586,36.086231456684956,18,22,20,12/23/2022,02:37 PM,12/23/2022 02:37 PM,1,5,12
62,vide,vide,T434,36.91981817835366,36.95303977004114,36.45621712336516,36.79438083830851,8,18,18,04/14/2022,04:34 PM,04/14/2022 04:34 PM,0,0,1
314,vide,vide,T224,36.15035947351585,36.94022940568624,36.630133195561314,36.17826299881171,5,13,15,05/26/2022,04:31 AM,05/26/2022 04:31 AM,1,2,2
158,vide,vide,T198,36.16210310585552,36.317715731044174,36.04015302442283,36.63657930638916,17,26,8,01/03/2023,10:33 PM,01/03/2023 10:33 PM,3,1,1
211,vide,vide,T415,36.50079357496077,36.55328180435983,36.96377565175317,36.83752233146254,16,6,5,04/16/2022,05:59 PM,04/16/2022 05:59 PM,0,1,1
344,vide,vide,T435,36.842074845759605,36.49179816042563,36.813524742986594,36.321683227374805,17,16,15,01/06/2023,09:27 AM,01/06/2023 09:27 AM,2,5,12
17,vide,vide,T375,36.84523051858682,36.75375687900071,36.20383820412272,36.62785669896338,7,18,14,03/21/2022,11:08 AM,03/21/2022 11:08 AM,5,3,6
88,vide,vide,T386,36.78219625794957,36.39725308116813,36.69945462290595,36.47814002674748,6,24,8,10/16/2022,11:26 AM,10/16/2022 11:26 AM,3,5,12
71,vide,vide,T326,36.26430154967651,36.63099006116592,36.55495633827038,36.672498685575825,16,15,20,02/03/2022,02:47 PM,02/03/2022 02:47 PM,4,4,10
424,vide,vide,T99,36.265917981027464,36.40541037854411,36.65567956685082,36.62285797281922,6,5,8,02/05/2022,05:10 AM,02/05/2022 05:10 AM,1,4,10
95,vide,vide,T29,36.65234222278323,36.02776215280521,36.56010345634332,36.584116053411535,5,22,16,01/30/2022,06:31 PM,01/30/2022 06:31 PM,5,4,10
244,vide,vide,T122,36.93119380545124,36.01992658623241,36.28131241087037,36.43952826540989,17,29,13,10/10/2022,06:24 PM,10/10/2022 06:24 PM,4,5,12
269,vide,vide,T378,36.00309488653829,36.80233192782529,36.42494740719829,36.302876008461965,20,26,7,06/19/2022,12:57 AM,06/19/2022 12:57 AM,5,2,2
77,vide,vide,T221,36.184202794181644,36.83975387434345,36.010582726052014,36.7511739883821,5,5,8,08/30/2022,01:46 PM,08/30/2022 01:46 PM,2,5,12
52,vide,vide,T146,36.5616915713993,36.90411602376942,36.569774411629425,36.98950955941704,14,27,16,05/13/2022,01:54 PM,05/13/2022 01:54 PM,5,5,12
304,vide,vide,T83,36.04891241877724,36.752394598785195,36.20360750624353,36.00106402404675,13,9,11,02/19/2022,08:39 PM,02/19/2022 08:39 PM,3,3,6
208,vide,vide,T36,36.02547105630229,36.35240995854061,36.15724160619408,36.68713514610475,10,28,6,03/04/2022,04:52 AM,03/04/2022 04:52 AM,5,1,1
212,vide,vide,T326,36.903028469400546,36.59167627790868,36.638165501630844,36.69439135202927,15,14,12,07/20/2022,11:10 PM,07/20/2022 11:10 PM,1,4,10
209,vide,vide,T352,36.755927999946394,36.147183241791076,36.64926166129533,36.39584289953166,17,27,5,02/23/2022,01:16 PM,02/23/2022 01:16 PM,5,1,1
168,vide,vide,T363,36.20670359661053,36.55916358767806,36.14490557972114,36.2324931254387,10,16,11,09/02/2022,02:59 AM,09/02/2022 02:59 AM,0,1,1
248,vide,vide,T36,36.1352755321926,36.98213514679148,36.994666984635806,36.98485417796242,7,8,12,01/21/2022,12:47 PM,01/21/2022 12:47 PM,2,2,2
402,vide,vide,T415,36.201246818277035,36.82466594884799,36.22926486099303,36.61495139592438,6,15,20,09/11/2022,03:12 AM,09/11/2022 03:12 AM,1,5,12
283,vide,vide,T180,36.023020081869944,36.4549545229746,36.13901249365657,36.72546238761331,17,26,10,09/30/2022,08:48 AM,09/30/2022 08:48 AM,0,4,10
394,vide,vide,T139,36.34796998296967,36.17536819282418,36.50771193792632,36.437496639198244,9,26,6,10/21/2022,10:42 PM,10/21/2022 10:42 PM,1,3,6
160,vide,vide,T45,36.9636287294437,36.34496941947196,36.189092304183326,36.3514898631756,9,27,8,01/07/2023,03:54 AM,01/07/2023 03:54 AM,4,4,10
280,vide,vide,T421,36.86303552425217,36.77111077670042,36.686061161811004,36.62819834693333,8,29,11,02/28/2022,04:08 PM,02/28/2022 04:08 PM,5,5,12
419,vide,vide,T192,36.33674420943988,36.48015503743656,36.95778354597604,36.64020752702734,19,13,9,12/16/2022,08:54 PM,12/16/2022 08:54 PM,1,1,1
210,vide,vide,T267,36.643555599395114,36.193346849570474,36.964373292442914,36.58224672926504,17,17,9,11/10/2022,10:07 AM,11/10/2022 10:07 AM,5,5,12
105,vide,vide,T419,36.850330691645276,36.32240944721274,36.21738660408924,36.209357918544946,6,20,14,10/25/2022,11:31 AM,10/25/2022 11:31 AM,0,1,1
166,vide,vide,T316,36.50254161768169,36.46561656724734,36.568853921634386,36.12786322191463,20,25,15,11/23/2022,12:58 AM,11/23/2022 12:58 AM,0,4,10
198,vide,vide,T340,36.58824953554023,36.95556908294448,36.269194124283175,36.525431858719784,13,17,5,08/10/2022,11:56 PM,08/10/2022 11:56 PM,2,1,1
299,vide,vide,T335,36.38624436846168,36.05563982854314,36.12127553352415,36.9736226996963,19,28,16,04/30/2022,06:02 AM,04/30/2022 06:02 AM,3,0,1
73,vide,vide,T418,36.28510711751469,36.17388295249131,36.22624321582289,36.70811194118362,15,19,7,06/25/2022,07:01 PM,06/25/2022 07:01 PM,0,5,12
9,vide,vide,T320,36.19074987287175,36.426173034361504,36.440959661587115,36.46235183594905,5,11,6,09/02/2022,04:39 AM,09/02/2022 04:39 AM,0,0,1
313,vide,vide,T242,36.230861942670586,36.272652291440004,36.87219480669944,36.72100346919138,5,14,5,09/06/2022,12:10 AM,09/06/2022 12:10 AM,5,5,12
256,vide,vide,T435,36.48007433832601,36.829281721319326,36.11292971424418,36.330070602304836,16,27,11,04/28/2022,04:21 AM,04/28/2022 04:21 AM,0,1,1
89,vide,vide,T432,36.10887115145004,36.79993252147617,36.235155369216635,36.23497389711882,5,17,10,06/18/2022,12:40 PM,06/18/2022 12:40 PM,0,5,12
216,vide,vide,T307,36.96996080530937,36.324488930710885,36.05379929412747,36.698576267188,17,19,18,04/20/2022,02:59 PM,04/20/2022 02:59 PM,4,5,12
195,vide,vide,T244,36.298995621971635,36.19965652081553,36.44674264713856,36.410231135165034,8,8,15,08/15/2022,07:52 AM,08/15/2022 07:52 AM,5,0,1
105,vide,vide,T169,36.784982104290485,36.87524225028327,36.96938150069915,36.0029981548043,11,11,7,10/10/2022,06:23 AM,10/10/2022 06:23 AM,1,1,1
394,vide,vide,T6,36.45898693318519,36.93894606947265,36.937727039862075,36.65257375360062,8,12,9,04/28/2022,10:51 AM,04/28/2022 10:51 AM,1,1,1
395,vide,vide,T5,36.57275469388025,36.00206055533177,36.805540275080176,36.8332538923057,18,21,18,01/12/2022,02:12 PM,01/12/2022 02:12 PM,5,2,2
153,vide,vide,T422,36.79236234204497,36.54964109444996,36.85974148281264,36.027634435824986,20,20,10,02/19/2022,12:44 PM,02/19/2022 12:44 PM,4,1,1
12,vide,vide,T125,36.423857275957864,36.77421374178102,36.678661190995534,36.0790473326158,11,13,16,07/21/2022,01:05 PM,07/21/2022 01:05 PM,2,0,1
5,vide,vide,T209,36.502683159173486,36.574522935330585,36.59181247522016,36.42914016371627,13,27,19,02/03/2022,11:21 AM,02/03/2022 11:21 AM,1,5,12
153,vide,vide,T427,36.03907125307413,36.58762919652808,36.42059896512957,36.9995796091957,18,28,9,01/08/2023,02:03 PM,01/08/2023 02:03 PM,1,3,6
92,vide,vide,T387,36.511618058228706,36.6812283935246,36.93857575579486,36.725452350574734,6,27,20,10/22/2022,09:58 PM,10/22/2022 09:58 PM,0,3,6
88,vide,vide,T122,36.25177519658855,36.053126272994184,36.634842697669484,36.67440706893273,13,21,5,12/24/2022,04:23 AM,12/24/2022 04:23 AM,0,5,12
430,vide,vide,T80,36.41402189211125,36.95165346054188,36.9942829426913,36.56978448547823,16,28,18,10/27/2022,01:00 PM,10/27/2022 01:00 PM,0,0,1
390,vide,vide,T88,36.53930531025328,36.328111235717195,36.297618903661764,36.43446336463437,11,27,8,04/17/2022,11:03 AM,04/17/2022 11:03 AM,2,2,2
299,vide,vide,T202,36.33351888272962,36.933420468052205,36.72256016323045,36.29996148670573,10,12,12,05/31/2022,07:14 AM,05/31/2022 07:14 AM,3,1,1
153,vide,vide,T302,36.99929703847317,36.13008310105398,36.278979335327776,36.12971951071296,17,6,8,06/03/2022,04:42 PM,06/03/2022 04:42 PM,2,5,12
151,vide,vide,T380,36.052034718792086,36.329652763971545,36.361852165732444,36.700932593157404,19,19,10,10/19/2022,06:42 AM,10/19/2022 06:42 AM,0,5,12
139,vide,vide,T123,36.51399666650236,36.06259179289613,36.64222977055175,36.26316212532117,15,28,16,12/23/2022,06:00 PM,12/23/2022 06:00 PM,3,0,1
